[{"fields": {"model": "permission", "app_label": "auth"}, "model": "contenttypes.contenttype", "pk": 1}, {"fields": {"model": "group", "app_label": "auth"}, "model": "contenttypes.contenttype", "pk": 2}, {"fields": {"model": "contenttype", "app_label": "contenttypes"}, "model": "contenttypes.contenttype", "pk": 3}, {"fields": {"model": "session", "app_label": "sessions"}, "model": "contenttypes.contenttype", "pk": 4}, {"fields": {"model": "site", "app_label": "sites"}, "model": "contenttypes.contenttype", "pk": 5}, {"fields": {"model": "logentry", "app_label": "admin"}, "model": "contenttypes.contenttype", "pk": 6}, {"fields": {"model": "emailaddress", "app_label": "account"}, "model": "contenttypes.contenttype", "pk": 7}, {"fields": {"model": "emailconfirmation", "app_label": "account"}, "model": "contenttypes.contenttype", "pk": 8}, {"fields": {"model": "socialapp", "app_label": "socialaccount"}, "model": "contenttypes.contenttype", "pk": 9}, {"fields": {"model": "socialaccount", "app_label": "socialaccount"}, "model": "contenttypes.contenttype", "pk": 10}, {"fields": {"model": "socialtoken", "app_label": "socialaccount"}, "model": "contenttypes.contenttype", "pk": 11}, {"fields": {"model": "user", "app_label": "users"}, "model": "contenttypes.contenttype", "pk": 12}, {"fields": {"model": "booking", "app_label": "scheduler"}, "model": "contenttypes.contenttype", "pk": 13}, {"fields": {"model": "timeslot", "app_label": "scheduler"}, "model": "contenttypes.contenttype", "pk": 14}, {"fields": {"model": "game", "app_label": "callcenter"}, "model": "contenttypes.contenttype", "pk": 15}, {"fields": {"model": "player", "app_label": "callcenter"}, "model": "contenttypes.contenttype", "pk": 16}, {"fields": {"model": "answer", "app_label": "callcenter"}, "model": "contenttypes.contenttype", "pk": 17}, {"fields": {"model": "question", "app_label": "callcenter"}, "model": "contenttypes.contenttype", "pk": 18}, {"fields": {"model": "translation", "app_label": "callcenter"}, "model": "contenttypes.contenttype", "pk": 19}, {"fields": {"model": "language", "app_label": "callcenter"}, "model": "contenttypes.contenttype", "pk": 20}, {"fields": {"model": "department", "app_label": "callcenter"}, "model": "contenttypes.contenttype", "pk": 21}, {"fields": {"model": "phone", "app_label": "callcenter"}, "model": "contenttypes.contenttype", "pk": 22}, {"fields": {"model": "phonelog", "app_label": "callcenter"}, "model": "contenttypes.contenttype", "pk": 23}, {"fields": {"model": "taskmeta", "app_label": "djcelery"}, "model": "contenttypes.contenttype", "pk": 24}, {"fields": {"model": "tasksetmeta", "app_label": "djcelery"}, "model": "contenttypes.contenttype", "pk": 25}, {"fields": {"model": "intervalschedule", "app_label": "djcelery"}, "model": "contenttypes.contenttype", "pk": 26}, {"fields": {"model": "crontabschedule", "app_label": "djcelery"}, "model": "contenttypes.contenttype", "pk": 27}, {"fields": {"model": "periodictasks", "app_label": "djcelery"}, "model": "contenttypes.contenttype", "pk": 28}, {"fields": {"model": "periodictask", "app_label": "djcelery"}, "model": "contenttypes.contenttype", "pk": 29}, {"fields": {"model": "workerstate", "app_label": "djcelery"}, "model": "contenttypes.contenttype", "pk": 30}, {"fields": {"model": "taskstate", "app_label": "djcelery"}, "model": "contenttypes.contenttype", "pk": 31}, {"fields": {"domain": "example.com", "name": "Gestion'air Web controller"}, "model": "sites.site", "pk": 1}, {"fields": {"email_address": 1, "key": "hx9fhnkyketpasqlhlymslruf0yputyit2hhgywbff7dzqaqww3nxgzoi2wrg5iw", "sent": "2015-07-07T15:15:10.301Z", "created": "2015-07-07T15:15:10.246Z"}, "model": "account.emailconfirmation", "pk": 1}, {"fields": {"status": "ABORTED", "task_id": "5991931b-bb50-476e-8f21-5ef18dde3ed2", "date_done": "2015-07-13T19:50:21.871Z", "traceback": null, "meta": "eJxrYKotZIzgYGBgSM7IzEkpSs2LLWQKVTG1tDS0NDZM0k1KMjXQNTE3S9W1SDMy1DVNTTO0SElJNU5NMfJr82srZE4s1gMAc0YTAQ==", "result": null, "hidden": false}, "model": "djcelery.taskmeta", "pk": 1481}, {"fields": {"status": "ABORTED", "task_id": "False", "date_done": "2015-07-13T21:14:14.397Z", "traceback": null, "meta": "eJxrYKotZIzgYGBgSM7IzEkpSs2LLdYDADylBhk=", "result": null, "hidden": false}, "model": "djcelery.taskmeta", "pk": 1482}, {"fields": {"status": "ABORTED", "task_id": "0bcc5645-2a22-4f3d-b06b-cf16076dcbd1", "date_done": "2015-07-13T21:02:48.107Z", "traceback": null, "meta": "eJxrYKotZIzgYGBgSM7IzEkpSs2LLdYDADylBhk=", "result": null, "hidden": false}, "model": "djcelery.taskmeta", "pk": 1483}, {"fields": {"status": "ABORTED", "task_id": "966ef3a4-6f35-43ba-be71-4538e8ea9408", "date_done": "2015-07-13T21:08:39.143Z", "traceback": null, "meta": "eJxrYKotZIzgYGBgSM7IzEkpSs2LLdYDADylBhk=", "result": null, "hidden": false}, "model": "djcelery.taskmeta", "pk": 1484}, {"fields": {"game": 1, "booking_position": 1, "timeslot": "2015-07-07T22:30:00Z"}, "model": "scheduler.booking", "pk": 1}, {"fields": {"game": 2, "booking_position": 1, "timeslot": "2015-07-09T07:20:00Z"}, "model": "scheduler.booking", "pk": 2}, {"fields": {"game": 3, "booking_position": 1, "timeslot": "2015-07-09T07:40:00Z"}, "model": "scheduler.booking", "pk": 3}, {"fields": {"game": 4, "booking_position": 1, "timeslot": "2015-07-09T16:00:00Z"}, "model": "scheduler.booking", "pk": 4}, {"fields": {"game": 5, "booking_position": 2, "timeslot": "2015-07-09T16:00:00Z"}, "model": "scheduler.booking", "pk": 5}, {"fields": {"game": 6, "booking_position": 3, "timeslot": "2015-07-09T16:00:00Z"}, "model": "scheduler.booking", "pk": 6}, {"fields": {"game": 7, "booking_position": 1, "timeslot": "2015-07-10T08:00:00Z"}, "model": "scheduler.booking", "pk": 7}, {"fields": {"game": 9, "booking_position": 2, "timeslot": "2015-07-10T08:00:00Z"}, "model": "scheduler.booking", "pk": 8}, {"fields": {"game": 10, "booking_position": 1, "timeslot": "2015-07-11T11:00:00Z"}, "model": "scheduler.booking", "pk": 9}, {"fields": {"game": 11, "booking_position": 1, "timeslot": "2015-07-12T09:20:00Z"}, "model": "scheduler.booking", "pk": 10}, {"fields": {"game": 13, "booking_position": 2, "timeslot": "2015-07-12T09:20:00Z"}, "model": "scheduler.booking", "pk": 11}, {"fields": {"game": 14, "booking_position": 3, "timeslot": "2015-07-12T09:20:00Z"}, "model": "scheduler.booking", "pk": 12}, {"fields": {"game": 15, "booking_position": 4, "timeslot": "2015-07-12T09:20:00Z"}, "model": "scheduler.booking", "pk": 13}, {"fields": {"game": 16, "booking_position": 5, "timeslot": "2015-07-12T09:20:00Z"}, "model": "scheduler.booking", "pk": 14}, {"fields": {"game": 17, "booking_position": 1, "timeslot": "2015-07-12T09:40:00Z"}, "model": "scheduler.booking", "pk": 15}, {"fields": {"game": 18, "booking_position": 2, "timeslot": "2015-07-12T09:40:00Z"}, "model": "scheduler.booking", "pk": 16}, {"fields": {"game": 19, "booking_position": 3, "timeslot": "2015-07-12T09:40:00Z"}, "model": "scheduler.booking", "pk": 17}, {"fields": {"game": 20, "booking_position": 1, "timeslot": "2015-07-12T16:40:00Z"}, "model": "scheduler.booking", "pk": 18}, {"fields": {"game": 21, "booking_position": 1, "timeslot": "2015-07-12T17:20:00Z"}, "model": "scheduler.booking", "pk": 19}, {"fields": {"game": 22, "booking_position": 1, "timeslot": "2015-07-12T17:00:00Z"}, "model": "scheduler.booking", "pk": 20}, {"fields": {"game": 23, "booking_position": 1, "timeslot": "2015-07-12T16:20:00Z"}, "model": "scheduler.booking", "pk": 21}, {"fields": {"game": 24, "booking_position": 2, "timeslot": "2015-07-12T17:00:00Z"}, "model": "scheduler.booking", "pk": 22}, {"fields": {"game": 25, "booking_position": 1, "timeslot": "2015-07-12T17:40:00Z"}, "model": "scheduler.booking", "pk": 23}, {"fields": {"game": 26, "booking_position": 2, "timeslot": "2015-07-12T17:40:00Z"}, "model": "scheduler.booking", "pk": 24}, {"fields": {"game": 27, "booking_position": 3, "timeslot": "2015-07-12T17:40:00Z"}, "model": "scheduler.booking", "pk": 25}, {"fields": {"game": 28, "booking_position": 4, "timeslot": "2015-07-12T17:40:00Z"}, "model": "scheduler.booking", "pk": 26}, {"fields": {"game": 29, "booking_position": 5, "timeslot": "2015-07-12T17:40:00Z"}, "model": "scheduler.booking", "pk": 27}, {"fields": {"game": 30, "booking_position": 1, "timeslot": "2015-07-12T18:55:00Z"}, "model": "scheduler.booking", "pk": 28}, {"fields": {"game": 31, "booking_position": 1, "timeslot": "2015-07-12T21:20:00Z"}, "model": "scheduler.booking", "pk": 29}, {"fields": {"game": 32, "booking_position": 1, "timeslot": "2015-07-13T10:20:00Z"}, "model": "scheduler.booking", "pk": 30}, {"fields": {"game": 33, "booking_position": 1, "timeslot": "2015-07-13T10:40:00Z"}, "model": "scheduler.booking", "pk": 31}, {"fields": {"game": 34, "booking_position": 2, "timeslot": "2015-07-13T10:40:00Z"}, "model": "scheduler.booking", "pk": 32}, {"fields": {"game": 35, "booking_position": 1, "timeslot": "2015-07-13T12:00:00Z"}, "model": "scheduler.booking", "pk": 33}, {"fields": {"game": 36, "booking_position": 1, "timeslot": "2015-07-13T12:20:00Z"}, "model": "scheduler.booking", "pk": 34}, {"fields": {"game": 37, "booking_position": 1, "timeslot": "2015-07-13T13:00:00Z"}, "model": "scheduler.booking", "pk": 35}, {"fields": {"game": 38, "booking_position": 1, "timeslot": "2015-07-13T13:20:00Z"}, "model": "scheduler.booking", "pk": 36}, {"fields": {"game": 39, "booking_position": 2, "timeslot": "2015-07-13T13:20:00Z"}, "model": "scheduler.booking", "pk": 37}, {"fields": {"game": 40, "booking_position": 1, "timeslot": "2015-07-13T13:40:00Z"}, "model": "scheduler.booking", "pk": 38}, {"fields": {"game": 41, "booking_position": 1, "timeslot": "2015-07-13T14:00:00Z"}, "model": "scheduler.booking", "pk": 39}, {"fields": {"game": 42, "booking_position": 2, "timeslot": "2015-07-13T14:00:00Z"}, "model": "scheduler.booking", "pk": 40}, {"fields": {"game": 43, "booking_position": 3, "timeslot": "2015-07-13T14:00:00Z"}, "model": "scheduler.booking", "pk": 41}, {"fields": {"game": 44, "booking_position": 1, "timeslot": "2015-07-13T14:40:00Z"}, "model": "scheduler.booking", "pk": 42}, {"fields": {"game": 45, "booking_position": 1, "timeslot": "2015-07-13T19:00:00Z"}, "model": "scheduler.booking", "pk": 43}, {"fields": {"game": 46, "booking_position": 1, "timeslot": "2015-07-13T19:20:00Z"}, "model": "scheduler.booking", "pk": 44}, {"fields": {"game": 47, "booking_position": 2, "timeslot": "2015-07-13T19:20:00Z"}, "model": "scheduler.booking", "pk": 45}, {"fields": {"game": 48, "booking_position": 1, "timeslot": "2015-07-13T19:40:00Z"}, "model": "scheduler.booking", "pk": 46}, {"fields": {"game": 49, "booking_position": 3, "timeslot": "2015-07-13T19:20:00Z"}, "model": "scheduler.booking", "pk": 47}, {"fields": {"game": 50, "booking_position": 1, "timeslot": "2015-07-13T20:00:00Z"}, "model": "scheduler.booking", "pk": 48}, {"fields": {"game": 51, "booking_position": 1, "timeslot": "2015-07-13T20:40:00Z"}, "model": "scheduler.booking", "pk": 49}, {"fields": {"game": 52, "booking_position": 2, "timeslot": "2015-07-13T20:40:00Z"}, "model": "scheduler.booking", "pk": 50}, {"fields": {"game": 53, "booking_position": 1, "timeslot": "2015-07-13T20:20:00Z"}, "model": "scheduler.booking", "pk": 51}, {"fields": {"game": 54, "booking_position": 3, "timeslot": "2015-07-13T20:40:00Z"}, "model": "scheduler.booking", "pk": 52}, {"fields": {"game": 55, "booking_position": 4, "timeslot": "2015-07-13T20:40:00Z"}, "model": "scheduler.booking", "pk": 53}, {"fields": {"game": 56, "booking_position": 1, "timeslot": "2015-07-14T07:40:00Z"}, "model": "scheduler.booking", "pk": 54}, {"fields": {"game": 57, "booking_position": 1, "timeslot": "2015-07-14T11:20:00Z"}, "model": "scheduler.booking", "pk": 55}, {"fields": {"game": 58, "booking_position": 2, "timeslot": "2015-07-14T11:20:00Z"}, "model": "scheduler.booking", "pk": 56}, {"fields": {"duration": 15, "booking_capacity": 3, "booking_availability": 3}, "model": "scheduler.timeslot", "pk": "2015-07-07T22:00:00Z"}, {"fields": {"duration": 15, "booking_capacity": 3, "booking_availability": 3}, "model": "scheduler.timeslot", "pk": "2015-07-07T22:15:00Z"}, {"fields": {"duration": 15, "booking_capacity": 3, "booking_availability": 3}, "model": "scheduler.timeslot", "pk": "2015-07-07T22:30:00Z"}, {"fields": {"duration": 15, "booking_capacity": 3, "booking_availability": 3}, "model": "scheduler.timeslot", "pk": "2015-07-07T22:45:00Z"}, {"fields": {"duration": 20, "booking_capacity": 5, "booking_availability": 5}, "model": "scheduler.timeslot", "pk": "2015-07-09T07:00:00Z"}, {"fields": {"duration": 20, "booking_capacity": 5, "booking_availability": 5}, "model": "scheduler.timeslot", "pk": "2015-07-09T07:20:00Z"}, {"fields": {"duration": 20, "booking_capacity": 5, "booking_availability": 5}, "model": "scheduler.timeslot", "pk": "2015-07-09T07:40:00Z"}, {"fields": {"duration": 20, "booking_capacity": 5, "booking_availability": 5}, "model": "scheduler.timeslot", "pk": "2015-07-09T08:00:00Z"}, {"fields": {"duration": 20, "booking_capacity": 5, "booking_availability": 5}, "model": "scheduler.timeslot", "pk": "2015-07-09T08:20:00Z"}, {"fields": {"duration": 20, "booking_capacity": 5, "booking_availability": 5}, "model": "scheduler.timeslot", "pk": "2015-07-09T08:40:00Z"}, {"fields": {"duration": 20, "booking_capacity": 5, "booking_availability": 5}, "model": "scheduler.timeslot", "pk": "2015-07-09T09:00:00Z"}, {"fields": {"duration": 20, "booking_capacity": 5, "booking_availability": 5}, "model": "scheduler.timeslot", "pk": "2015-07-09T09:20:00Z"}, {"fields": {"duration": 20, "booking_capacity": 5, "booking_availability": 5}, "model": "scheduler.timeslot", "pk": "2015-07-09T09:40:00Z"}, {"fields": {"duration": 20, "booking_capacity": 5, "booking_availability": 5}, "model": "scheduler.timeslot", "pk": "2015-07-09T16:00:00Z"}, {"fields": {"duration": 20, "booking_capacity": 5, "booking_availability": 5}, "model": "scheduler.timeslot", "pk": "2015-07-10T08:00:00Z"}, {"fields": {"duration": 20, "booking_capacity": 5, "booking_availability": 5}, "model": "scheduler.timeslot", "pk": "2015-07-11T11:00:00Z"}, {"fields": {"duration": 20, "booking_capacity": 5, "booking_availability": 5}, "model": "scheduler.timeslot", "pk": "2015-07-11T11:20:00Z"}, {"fields": {"duration": 20, "booking_capacity": 5, "booking_availability": 5}, "model": "scheduler.timeslot", "pk": "2015-07-11T11:40:00Z"}, {"fields": {"duration": 20, "booking_capacity": 5, "booking_availability": 5}, "model": "scheduler.timeslot", "pk": "2015-07-11T12:00:00Z"}, {"fields": {"duration": 20, "booking_capacity": 5, "booking_availability": 5}, "model": "scheduler.timeslot", "pk": "2015-07-11T12:20:00Z"}, {"fields": {"duration": 20, "booking_capacity": 5, "booking_availability": 5}, "model": "scheduler.timeslot", "pk": "2015-07-11T12:40:00Z"}, {"fields": {"duration": 20, "booking_capacity": 5, "booking_availability": 5}, "model": "scheduler.timeslot", "pk": "2015-07-11T13:00:00Z"}, {"fields": {"duration": 20, "booking_capacity": 5, "booking_availability": 5}, "model": "scheduler.timeslot", "pk": "2015-07-11T13:20:00Z"}, {"fields": {"duration": 20, "booking_capacity": 5, "booking_availability": 5}, "model": "scheduler.timeslot", "pk": "2015-07-11T13:40:00Z"}, {"fields": {"duration": 20, "booking_capacity": 5, "booking_availability": 5}, "model": "scheduler.timeslot", "pk": "2015-07-11T14:00:00Z"}, {"fields": {"duration": 20, "booking_capacity": 5, "booking_availability": 5}, "model": "scheduler.timeslot", "pk": "2015-07-11T14:20:00Z"}, {"fields": {"duration": 20, "booking_capacity": 5, "booking_availability": 5}, "model": "scheduler.timeslot", "pk": "2015-07-11T14:40:00Z"}, {"fields": {"duration": 20, "booking_capacity": 5, "booking_availability": 5}, "model": "scheduler.timeslot", "pk": "2015-07-11T15:00:00Z"}, {"fields": {"duration": 20, "booking_capacity": 5, "booking_availability": 5}, "model": "scheduler.timeslot", "pk": "2015-07-11T15:20:00Z"}, {"fields": {"duration": 20, "booking_capacity": 5, "booking_availability": 5}, "model": "scheduler.timeslot", "pk": "2015-07-11T15:40:00Z"}, {"fields": {"duration": 20, "booking_capacity": 5, "booking_availability": 5}, "model": "scheduler.timeslot", "pk": "2015-07-12T08:00:00Z"}, {"fields": {"duration": 20, "booking_capacity": 5, "booking_availability": 5}, "model": "scheduler.timeslot", "pk": "2015-07-12T08:20:00Z"}, {"fields": {"duration": 20, "booking_capacity": 5, "booking_availability": 5}, "model": "scheduler.timeslot", "pk": "2015-07-12T08:40:00Z"}, {"fields": {"duration": 20, "booking_capacity": 5, "booking_availability": 5}, "model": "scheduler.timeslot", "pk": "2015-07-12T09:00:00Z"}, {"fields": {"duration": 20, "booking_capacity": 5, "booking_availability": 5}, "model": "scheduler.timeslot", "pk": "2015-07-12T09:20:00Z"}, {"fields": {"duration": 20, "booking_capacity": 5, "booking_availability": 5}, "model": "scheduler.timeslot", "pk": "2015-07-12T09:40:00Z"}, {"fields": {"duration": 20, "booking_capacity": 5, "booking_availability": 5}, "model": "scheduler.timeslot", "pk": "2015-07-12T10:00:00Z"}, {"fields": {"duration": 20, "booking_capacity": 5, "booking_availability": 5}, "model": "scheduler.timeslot", "pk": "2015-07-12T10:20:00Z"}, {"fields": {"duration": 20, "booking_capacity": 5, "booking_availability": 5}, "model": "scheduler.timeslot", "pk": "2015-07-12T10:40:00Z"}, {"fields": {"duration": 20, "booking_capacity": 5, "booking_availability": 5}, "model": "scheduler.timeslot", "pk": "2015-07-12T11:00:00Z"}, {"fields": {"duration": 20, "booking_capacity": 5, "booking_availability": 5}, "model": "scheduler.timeslot", "pk": "2015-07-12T11:20:00Z"}, {"fields": {"duration": 20, "booking_capacity": 5, "booking_availability": 5}, "model": "scheduler.timeslot", "pk": "2015-07-12T11:40:00Z"}, {"fields": {"duration": 20, "booking_capacity": 5, "booking_availability": 5}, "model": "scheduler.timeslot", "pk": "2015-07-12T16:00:00Z"}, {"fields": {"duration": 20, "booking_capacity": 5, "booking_availability": 5}, "model": "scheduler.timeslot", "pk": "2015-07-12T16:20:00Z"}, {"fields": {"duration": 20, "booking_capacity": 5, "booking_availability": 5}, "model": "scheduler.timeslot", "pk": "2015-07-12T16:40:00Z"}, {"fields": {"duration": 20, "booking_capacity": 5, "booking_availability": 5}, "model": "scheduler.timeslot", "pk": "2015-07-12T17:00:00Z"}, {"fields": {"duration": 20, "booking_capacity": 5, "booking_availability": 5}, "model": "scheduler.timeslot", "pk": "2015-07-12T17:20:00Z"}, {"fields": {"duration": 20, "booking_capacity": 5, "booking_availability": 5}, "model": "scheduler.timeslot", "pk": "2015-07-12T17:40:00Z"}, {"fields": {"duration": 20, "booking_capacity": 5, "booking_availability": 5}, "model": "scheduler.timeslot", "pk": "2015-07-12T18:55:00Z"}, {"fields": {"duration": 20, "booking_capacity": 5, "booking_availability": 5}, "model": "scheduler.timeslot", "pk": "2015-07-12T19:15:00Z"}, {"fields": {"duration": 20, "booking_capacity": 5, "booking_availability": 5}, "model": "scheduler.timeslot", "pk": "2015-07-12T19:35:00Z"}, {"fields": {"duration": 20, "booking_capacity": 5, "booking_availability": 5}, "model": "scheduler.timeslot", "pk": "2015-07-12T19:55:00Z"}, {"fields": {"duration": 20, "booking_capacity": 5, "booking_availability": 5}, "model": "scheduler.timeslot", "pk": "2015-07-12T20:15:00Z"}, {"fields": {"duration": 20, "booking_capacity": 5, "booking_availability": 5}, "model": "scheduler.timeslot", "pk": "2015-07-12T20:35:00Z"}, {"fields": {"duration": 20, "booking_capacity": 5, "booking_availability": 5}, "model": "scheduler.timeslot", "pk": "2015-07-12T21:20:00Z"}, {"fields": {"duration": 20, "booking_capacity": 5, "booking_availability": 5}, "model": "scheduler.timeslot", "pk": "2015-07-12T21:40:00Z"}, {"fields": {"duration": 20, "booking_capacity": 5, "booking_availability": 5}, "model": "scheduler.timeslot", "pk": "2015-07-13T10:00:00Z"}, {"fields": {"duration": 20, "booking_capacity": 5, "booking_availability": 5}, "model": "scheduler.timeslot", "pk": "2015-07-13T10:20:00Z"}, {"fields": {"duration": 20, "booking_capacity": 5, "booking_availability": 5}, "model": "scheduler.timeslot", "pk": "2015-07-13T10:40:00Z"}, {"fields": {"duration": 20, "booking_capacity": 5, "booking_availability": 5}, "model": "scheduler.timeslot", "pk": "2015-07-13T11:00:00Z"}, {"fields": {"duration": 20, "booking_capacity": 5, "booking_availability": 5}, "model": "scheduler.timeslot", "pk": "2015-07-13T11:20:00Z"}, {"fields": {"duration": 20, "booking_capacity": 5, "booking_availability": 5}, "model": "scheduler.timeslot", "pk": "2015-07-13T11:40:00Z"}, {"fields": {"duration": 20, "booking_capacity": 5, "booking_availability": 5}, "model": "scheduler.timeslot", "pk": "2015-07-13T12:00:00Z"}, {"fields": {"duration": 20, "booking_capacity": 5, "booking_availability": 5}, "model": "scheduler.timeslot", "pk": "2015-07-13T12:20:00Z"}, {"fields": {"duration": 20, "booking_capacity": 5, "booking_availability": 5}, "model": "scheduler.timeslot", "pk": "2015-07-13T12:40:00Z"}, {"fields": {"duration": 20, "booking_capacity": 5, "booking_availability": 5}, "model": "scheduler.timeslot", "pk": "2015-07-13T13:00:00Z"}, {"fields": {"duration": 20, "booking_capacity": 5, "booking_availability": 5}, "model": "scheduler.timeslot", "pk": "2015-07-13T13:20:00Z"}, {"fields": {"duration": 20, "booking_capacity": 5, "booking_availability": 5}, "model": "scheduler.timeslot", "pk": "2015-07-13T13:40:00Z"}, {"fields": {"duration": 20, "booking_capacity": 5, "booking_availability": 5}, "model": "scheduler.timeslot", "pk": "2015-07-13T14:00:00Z"}, {"fields": {"duration": 20, "booking_capacity": 5, "booking_availability": 5}, "model": "scheduler.timeslot", "pk": "2015-07-13T14:20:00Z"}, {"fields": {"duration": 20, "booking_capacity": 5, "booking_availability": 5}, "model": "scheduler.timeslot", "pk": "2015-07-13T14:40:00Z"}, {"fields": {"duration": 20, "booking_capacity": 5, "booking_availability": 5}, "model": "scheduler.timeslot", "pk": "2015-07-13T15:00:00Z"}, {"fields": {"duration": 20, "booking_capacity": 5, "booking_availability": 5}, "model": "scheduler.timeslot", "pk": "2015-07-13T15:20:00Z"}, {"fields": {"duration": 20, "booking_capacity": 5, "booking_availability": 5}, "model": "scheduler.timeslot", "pk": "2015-07-13T15:40:00Z"}, {"fields": {"duration": 20, "booking_capacity": 5, "booking_availability": 5}, "model": "scheduler.timeslot", "pk": "2015-07-13T19:00:00Z"}, {"fields": {"duration": 20, "booking_capacity": 5, "booking_availability": 5}, "model": "scheduler.timeslot", "pk": "2015-07-13T19:20:00Z"}, {"fields": {"duration": 20, "booking_capacity": 5, "booking_availability": 5}, "model": "scheduler.timeslot", "pk": "2015-07-13T19:40:00Z"}, {"fields": {"duration": 20, "booking_capacity": 5, "booking_availability": 5}, "model": "scheduler.timeslot", "pk": "2015-07-13T20:00:00Z"}, {"fields": {"duration": 20, "booking_capacity": 5, "booking_availability": 5}, "model": "scheduler.timeslot", "pk": "2015-07-13T20:20:00Z"}, {"fields": {"duration": 20, "booking_capacity": 5, "booking_availability": 5}, "model": "scheduler.timeslot", "pk": "2015-07-13T20:40:00Z"}, {"fields": {"duration": 20, "booking_capacity": 5, "booking_availability": 5}, "model": "scheduler.timeslot", "pk": "2015-07-14T07:40:00Z"}, {"fields": {"duration": 20, "booking_capacity": 5, "booking_availability": 5}, "model": "scheduler.timeslot", "pk": "2015-07-14T08:00:00Z"}, {"fields": {"duration": 20, "booking_capacity": 5, "booking_availability": 5}, "model": "scheduler.timeslot", "pk": "2015-07-14T08:20:00Z"}, {"fields": {"duration": 20, "booking_capacity": 5, "booking_availability": 5}, "model": "scheduler.timeslot", "pk": "2015-07-14T08:40:00Z"}, {"fields": {"duration": 20, "booking_capacity": 5, "booking_availability": 5}, "model": "scheduler.timeslot", "pk": "2015-07-14T09:00:00Z"}, {"fields": {"duration": 20, "booking_capacity": 5, "booking_availability": 5}, "model": "scheduler.timeslot", "pk": "2015-07-14T09:20:00Z"}, {"fields": {"duration": 20, "booking_capacity": 5, "booking_availability": 5}, "model": "scheduler.timeslot", "pk": "2015-07-14T09:40:00Z"}, {"fields": {"duration": 20, "booking_capacity": 5, "booking_availability": 5}, "model": "scheduler.timeslot", "pk": "2015-07-14T10:00:00Z"}, {"fields": {"duration": 20, "booking_capacity": 5, "booking_availability": 5}, "model": "scheduler.timeslot", "pk": "2015-07-14T10:20:00Z"}, {"fields": {"duration": 20, "booking_capacity": 5, "booking_availability": 5}, "model": "scheduler.timeslot", "pk": "2015-07-14T11:20:00Z"}, {"fields": {"duration": 20, "booking_capacity": 5, "booking_availability": 5}, "model": "scheduler.timeslot", "pk": "2015-07-14T11:40:00Z"}, {"fields": {"duration": 20, "booking_capacity": 5, "booking_availability": 5}, "model": "scheduler.timeslot", "pk": "2015-07-14T12:00:00Z"}, {"fields": {"code": "2", "start_time": "2015-07-07T22:47:41Z", "canceled": false, "end_time": null, "team": "TestCGA", "initialized": true}, "model": "callcenter.game", "pk": 1}, {"fields": {"code": "3", "start_time": "2015-07-09T16:13:41.148Z", "canceled": false, "end_time": null, "team": "opoipo", "initialized": true}, "model": "callcenter.game", "pk": 2}, {"fields": {"code": "4", "start_time": "2015-07-09T15:23:23.163Z", "canceled": false, "end_time": null, "team": "poipo", "initialized": true}, "model": "callcenter.game", "pk": 3}, {"fields": {"code": "5", "start_time": "2015-07-09T16:25:28.401Z", "canceled": false, "end_time": null, "team": "LesPloucs", "initialized": true}, "model": "callcenter.game", "pk": 4}, {"fields": {"code": "6", "start_time": "2015-07-09T16:38:14.521Z", "canceled": false, "end_time": null, "team": "Lions", "initialized": true}, "model": "callcenter.game", "pk": 5}, {"fields": {"code": "7", "start_time": "2015-07-10T15:30:48.462Z", "canceled": false, "end_time": null, "team": "Les lutins", "initialized": true}, "model": "callcenter.game", "pk": 6}, {"fields": {"code": "8", "start_time": "2015-07-10T19:12:36.716Z", "canceled": false, "end_time": null, "team": "Test 1", "initialized": true}, "model": "callcenter.game", "pk": 7}, {"fields": {"code": "A", "start_time": "2015-07-10T20:08:56.259Z", "canceled": false, "end_time": null, "team": "Plops", "initialized": true}, "model": "callcenter.game", "pk": 9}, {"fields": {"code": "B", "start_time": "2015-07-11T20:10:14.952Z", "canceled": false, "end_time": null, "team": "Test 1", "initialized": true}, "model": "callcenter.game", "pk": 10}, {"fields": {"code": "C", "start_time": "2015-07-12T08:56:39Z", "canceled": false, "end_time": "2015-07-12T08:56:41Z", "team": "Les loulous", "initialized": true}, "model": "callcenter.game", "pk": 11}, {"fields": {"code": "E", "start_time": "2015-07-12T08:57:14Z", "canceled": false, "end_time": "2015-07-12T08:57:15Z", "team": "Les poums", "initialized": true}, "model": "callcenter.game", "pk": 13}, {"fields": {"code": "F", "start_time": "2015-07-12T08:57:26Z", "canceled": false, "end_time": "2015-07-12T08:57:27Z", "team": "HEG", "initialized": true}, "model": "callcenter.game", "pk": 14}, {"fields": {"code": "G", "start_time": "2015-07-12T08:57:47Z", "canceled": false, "end_time": null, "team": "Lyss", "initialized": true}, "model": "callcenter.game", "pk": 15}, {"fields": {"code": "H", "start_time": null, "canceled": false, "end_time": null, "team": "DHL", "initialized": false}, "model": "callcenter.game", "pk": 16}, {"fields": {"code": "J", "start_time": "2015-07-12T12:58:55.120Z", "canceled": false, "end_time": "2015-07-12T13:00:02.221Z", "team": "Les next slot", "initialized": true}, "model": "callcenter.game", "pk": 17}, {"fields": {"code": "K", "start_time": "2015-07-12T13:03:31.478Z", "canceled": false, "end_time": "2015-07-12T13:05:08.662Z", "team": "Les derniers", "initialized": true}, "model": "callcenter.game", "pk": 18}, {"fields": {"code": "L", "start_time": "2015-07-12T13:14:42.792Z", "canceled": false, "end_time": "2015-07-12T13:16:19.858Z", "team": "Encore un", "initialized": true}, "model": "callcenter.game", "pk": 19}, {"fields": {"code": "M", "start_time": "2015-07-12T17:01:31.197Z", "canceled": false, "end_time": "2015-07-12T17:03:08.280Z", "team": "Soleil bleu", "initialized": true}, "model": "callcenter.game", "pk": 20}, {"fields": {"code": "N", "start_time": "2015-07-12T17:07:49.284Z", "canceled": false, "end_time": "2015-07-12T17:09:26.379Z", "team": "Pluie d'\u00e9t\u00e9", "initialized": true}, "model": "callcenter.game", "pk": 21}, {"fields": {"code": "P", "start_time": null, "canceled": false, "end_time": "2015-07-12T16:34:29.334Z", "team": "Il y a de la place ici", "initialized": false}, "model": "callcenter.game", "pk": 22}, {"fields": {"code": "Q", "start_time": "2015-07-12T16:26:29.965Z", "canceled": false, "end_time": "2015-07-12T16:28:07.016Z", "team": "Les testeurs", "initialized": true}, "model": "callcenter.game", "pk": 23}, {"fields": {"code": "R", "start_time": "2015-07-12T17:27:24.128Z", "canceled": false, "end_time": null, "team": "zfrffkufgkugglu75", "initialized": true}, "model": "callcenter.game", "pk": 24}, {"fields": {"code": "S", "start_time": "2015-07-12T17:33:16.971Z", "canceled": false, "end_time": "2015-07-12T17:34:54.049Z", "team": "kugkh", "initialized": true}, "model": "callcenter.game", "pk": 25}, {"fields": {"code": "T", "start_time": "2015-07-12T17:45:24.229Z", "canceled": false, "end_time": "2015-07-12T17:47:01.296Z", "team": "\u00e9lkmkm", "initialized": true}, "model": "callcenter.game", "pk": 26}, {"fields": {"code": "U", "start_time": null, "canceled": false, "end_time": null, "team": "plijijij", "initialized": false}, "model": "callcenter.game", "pk": 27}, {"fields": {"code": "V", "start_time": "2015-07-12T18:03:25.187Z", "canceled": false, "end_time": null, "team": "lkjlkj", "initialized": true}, "model": "callcenter.game", "pk": 28}, {"fields": {"code": "W", "start_time": "2015-07-12T18:15:45.297Z", "canceled": false, "end_time": "2015-07-12T18:17:22.407Z", "team": "poioipo", "initialized": true}, "model": "callcenter.game", "pk": 29}, {"fields": {"code": "X", "start_time": "2015-07-12T18:56:10.668Z", "canceled": false, "end_time": "2015-07-12T18:57:47.703Z", "team": "3213", "initialized": true}, "model": "callcenter.game", "pk": 30}, {"fields": {"code": "Y", "start_time": "2015-07-12T21:25:44.168Z", "canceled": false, "end_time": "2015-07-12T21:27:21.192Z", "team": "Nocturnes", "initialized": true}, "model": "callcenter.game", "pk": 31}, {"fields": {"code": "Z", "start_time": "2015-07-13T10:41:11.633Z", "canceled": false, "end_time": "2015-07-13T10:42:48.663Z", "team": "La dream team", "initialized": true}, "model": "callcenter.game", "pk": 32}, {"fields": {"code": "21", "start_time": "2015-07-13T10:49:00.302Z", "canceled": false, "end_time": "2015-07-13T10:50:37.323Z", "team": "One more", "initialized": true}, "model": "callcenter.game", "pk": 33}, {"fields": {"code": "22", "start_time": "2015-07-13T10:56:34.529Z", "canceled": false, "end_time": "2015-07-13T10:58:11.609Z", "team": "oioi", "initialized": true}, "model": "callcenter.game", "pk": 34}, {"fields": {"code": "", "start_time": null, "canceled": false, "end_time": null, "team": "oipoiopi", "initialized": false}, "model": "callcenter.game", "pk": 35}, {"fields": {"code": "24", "start_time": "2015-07-13T12:31:22.856Z", "canceled": false, "end_time": "2015-07-13T12:32:59.915Z", "team": "oopoi", "initialized": true}, "model": "callcenter.game", "pk": 36}, {"fields": {"code": "25", "start_time": "2015-07-13T13:00:46.178Z", "canceled": false, "end_time": "2015-07-13T13:03:27.182Z", "team": "UNO", "initialized": true}, "model": "callcenter.game", "pk": 37}, {"fields": {"code": "26", "start_time": "2015-07-13T13:12:03.318Z", "canceled": false, "end_time": "2015-07-13T13:14:44.323Z", "team": "oipoipoi", "initialized": true}, "model": "callcenter.game", "pk": 38}, {"fields": {"code": "27", "start_time": "2015-07-13T13:17:43.924Z", "canceled": false, "end_time": "2015-07-13T13:20:24.928Z", "team": "New", "initialized": true}, "model": "callcenter.game", "pk": 39}, {"fields": {"code": "28", "start_time": "2015-07-13T13:25:49.030Z", "canceled": false, "end_time": "2015-07-13T13:28:30.034Z", "team": "ewqewqe", "initialized": true}, "model": "callcenter.game", "pk": 40}, {"fields": {"code": "29", "start_time": "2015-07-13T14:02:29.907Z", "canceled": false, "end_time": "2015-07-13T14:05:10.913Z", "team": "2e12e", "initialized": true}, "model": "callcenter.game", "pk": 41}, {"fields": {"code": "2A", "start_time": "2015-07-13T14:07:39.883Z", "canceled": false, "end_time": "2015-07-13T14:10:20.886Z", "team": "3e23", "initialized": true}, "model": "callcenter.game", "pk": 42}, {"fields": {"code": "2B", "start_time": "2015-07-13T14:21:22.770Z", "canceled": false, "end_time": "2015-07-13T14:24:03.775Z", "team": "wdqw", "initialized": true}, "model": "callcenter.game", "pk": 43}, {"fields": {"code": "2C", "start_time": "2015-07-13T14:27:06.426Z", "canceled": false, "end_time": "2015-07-13T14:29:47.429Z", "team": "fwefwe", "initialized": true}, "model": "callcenter.game", "pk": 44}, {"fields": {"code": "2D", "start_time": "2015-07-13T19:02:13.704Z", "canceled": false, "end_time": "2015-07-13T19:04:54.707Z", "team": "oooi", "initialized": true}, "model": "callcenter.game", "pk": 45}, {"fields": {"code": "2E", "start_time": null, "canceled": false, "end_time": null, "team": "iiuoi", "initialized": false}, "model": "callcenter.game", "pk": 46}, {"fields": {"code": "2F", "start_time": "2015-07-13T19:16:13.669Z", "canceled": false, "end_time": "2015-07-13T19:18:54.673Z", "team": "qww", "initialized": true}, "model": "callcenter.game", "pk": 47}, {"fields": {"code": "2G", "start_time": "2015-07-13T19:39:36.930Z", "canceled": false, "end_time": "2015-07-13T19:42:17.932Z", "team": "fefe", "initialized": true}, "model": "callcenter.game", "pk": 48}, {"fields": {"code": "2H", "start_time": "2015-07-13T19:48:44.869Z", "canceled": false, "end_time": "2015-07-13T19:51:25.871Z", "team": "wd", "initialized": true}, "model": "callcenter.game", "pk": 49}, {"fields": {"code": "2J", "start_time": null, "canceled": false, "end_time": null, "team": "dqw", "initialized": false}, "model": "callcenter.game", "pk": 50}, {"fields": {"code": "2K", "start_time": "2015-07-13T20:47:51.118Z", "canceled": false, "end_time": "2015-07-13T20:50:32.582Z", "team": "iuoiuiou", "initialized": true}, "model": "callcenter.game", "pk": 51}, {"fields": {"code": "2L", "start_time": "2015-07-13T20:56:59.011Z", "canceled": false, "end_time": "2015-07-13T20:59:40.402Z", "team": "iiu", "initialized": true}, "model": "callcenter.game", "pk": 52}, {"fields": {"code": "2M", "start_time": null, "canceled": false, "end_time": null, "team": "uu", "initialized": false}, "model": "callcenter.game", "pk": 53}, {"fields": {"code": "2N", "start_time": null, "canceled": false, "end_time": null, "team": "tfrhftr", "initialized": false}, "model": "callcenter.game", "pk": 54}, {"fields": {"code": "2P", "start_time": "2015-07-13T21:11:14.329Z", "canceled": false, "end_time": "2015-07-13T21:13:55.794Z", "team": "dwd", "initialized": true}, "model": "callcenter.game", "pk": 55}, {"fields": {"code": "2Q", "start_time": "2015-07-14T07:44:52.964Z", "canceled": false, "end_time": "2015-07-14T07:47:34.020Z", "team": "Les grands", "initialized": true}, "model": "callcenter.game", "pk": 56}, {"fields": {"code": "2R", "start_time": "2015-07-14T11:46:07.173Z", "canceled": false, "end_time": "2015-07-14T11:48:48.599Z", "team": "Ze Last Test", "initialized": true}, "model": "callcenter.game", "pk": 57}, {"fields": {"code": "2S", "start_time": "2015-07-14T11:56:22.326Z", "canceled": false, "end_time": "2015-07-14T11:59:03.745Z", "team": "iuiu", "initialized": true}, "model": "callcenter.game", "pk": 58}, {"fields": {"game": 1, "score": null, "number": 1, "name": "CGA"}, "model": "callcenter.player", "pk": 1}, {"fields": {"game": 2, "score": null, "number": 1, "name": "poo"}, "model": "callcenter.player", "pk": 2}, {"fields": {"game": 3, "score": null, "number": 1, "name": "oiuoi"}, "model": "callcenter.player", "pk": 3}, {"fields": {"game": 3, "score": null, "number": 2, "name": "Paul"}, "model": "callcenter.player", "pk": 4}, {"fields": {"game": 4, "score": null, "number": 1, "name": "Tom"}, "model": "callcenter.player", "pk": 5}, {"fields": {"game": 5, "score": null, "number": 1, "name": "Mouton"}, "model": "callcenter.player", "pk": 6}, {"fields": {"game": 6, "score": null, "number": 1, "name": "Tom"}, "model": "callcenter.player", "pk": 7}, {"fields": {"game": 6, "score": null, "number": 2, "name": "Jerry"}, "model": "callcenter.player", "pk": 8}, {"fields": {"game": 6, "score": null, "number": 3, "name": "Antoine"}, "model": "callcenter.player", "pk": 9}, {"fields": {"game": 6, "score": null, "number": 4, "name": "Ight"}, "model": "callcenter.player", "pk": 10}, {"fields": {"game": 6, "score": null, "number": 5, "name": "Boris"}, "model": "callcenter.player", "pk": 11}, {"fields": {"game": 7, "score": null, "number": 1, "name": "A"}, "model": "callcenter.player", "pk": 12}, {"fields": {"game": 7, "score": null, "number": 2, "name": "b"}, "model": "callcenter.player", "pk": 13}, {"fields": {"game": 7, "score": null, "number": 3, "name": "c"}, "model": "callcenter.player", "pk": 14}, {"fields": {"game": 7, "score": null, "number": 4, "name": "d"}, "model": "callcenter.player", "pk": 15}, {"fields": {"game": 7, "score": null, "number": 5, "name": "e"}, "model": "callcenter.player", "pk": 16}, {"fields": {"game": 7, "score": null, "number": 6, "name": "f"}, "model": "callcenter.player", "pk": 17}, {"fields": {"game": 9, "score": null, "number": 1, "name": "CGA"}, "model": "callcenter.player", "pk": 18}, {"fields": {"game": 9, "score": null, "number": 2, "name": "BFR"}, "model": "callcenter.player", "pk": 19}, {"fields": {"game": 10, "score": null, "number": 1, "name": "Moi"}, "model": "callcenter.player", "pk": 20}, {"fields": {"game": 10, "score": null, "number": 2, "name": "Toi"}, "model": "callcenter.player", "pk": 21}, {"fields": {"game": 10, "score": null, "number": 3, "name": "Lui"}, "model": "callcenter.player", "pk": 22}, {"fields": {"game": 10, "score": null, "number": 4, "name": "Elle"}, "model": "callcenter.player", "pk": 23}, {"fields": {"game": 11, "score": null, "number": 1, "name": "Riri"}, "model": "callcenter.player", "pk": 24}, {"fields": {"game": 11, "score": null, "number": 2, "name": "Fifi"}, "model": "callcenter.player", "pk": 25}, {"fields": {"game": 11, "score": null, "number": 3, "name": "Loulou"}, "model": "callcenter.player", "pk": 26}, {"fields": {"game": 13, "score": null, "number": null, "name": "Pim"}, "model": "callcenter.player", "pk": 27}, {"fields": {"game": 13, "score": null, "number": null, "name": "Pam"}, "model": "callcenter.player", "pk": 28}, {"fields": {"game": 13, "score": null, "number": null, "name": "Poum"}, "model": "callcenter.player", "pk": 29}, {"fields": {"game": 13, "score": null, "number": null, "name": "Badaboum"}, "model": "callcenter.player", "pk": 30}, {"fields": {"game": 14, "score": null, "number": null, "name": "Alessio"}, "model": "callcenter.player", "pk": 31}, {"fields": {"game": 14, "score": null, "number": null, "name": "Antoine"}, "model": "callcenter.player", "pk": 32}, {"fields": {"game": 14, "score": null, "number": null, "name": "Christophe"}, "model": "callcenter.player", "pk": 33}, {"fields": {"game": 14, "score": null, "number": null, "name": "C\u00e9dric"}, "model": "callcenter.player", "pk": 34}, {"fields": {"game": 14, "score": null, "number": null, "name": "Boris"}, "model": "callcenter.player", "pk": 35}, {"fields": {"game": 14, "score": null, "number": null, "name": "Ulysse"}, "model": "callcenter.player", "pk": 36}, {"fields": {"game": 15, "score": null, "number": null, "name": "C\u00e9dric"}, "model": "callcenter.player", "pk": 37}, {"fields": {"game": 15, "score": null, "number": null, "name": "Daniela"}, "model": "callcenter.player", "pk": 38}, {"fields": {"game": 15, "score": null, "number": null, "name": "Yann"}, "model": "callcenter.player", "pk": 39}, {"fields": {"game": 15, "score": null, "number": null, "name": "Nicolas"}, "model": "callcenter.player", "pk": 40}, {"fields": {"game": 15, "score": null, "number": null, "name": "Leanne"}, "model": "callcenter.player", "pk": 41}, {"fields": {"game": 15, "score": null, "number": null, "name": "Raphael"}, "model": "callcenter.player", "pk": 42}, {"fields": {"game": 16, "score": null, "number": null, "name": "Late"}, "model": "callcenter.player", "pk": 43}, {"fields": {"game": 16, "score": null, "number": null, "name": "Non delivery"}, "model": "callcenter.player", "pk": 44}, {"fields": {"game": 16, "score": null, "number": null, "name": "Now"}, "model": "callcenter.player", "pk": 45}, {"fields": {"game": 16, "score": null, "number": null, "name": "Parcel"}, "model": "callcenter.player", "pk": 46}, {"fields": {"game": 17, "score": 0, "number": 1, "name": "Uno"}, "model": "callcenter.player", "pk": 47}, {"fields": {"game": 17, "score": 0, "number": 2, "name": "Due"}, "model": "callcenter.player", "pk": 48}, {"fields": {"game": 17, "score": 0, "number": 3, "name": "Tre"}, "model": "callcenter.player", "pk": 49}, {"fields": {"game": 17, "score": 0, "number": 4, "name": "Quatro"}, "model": "callcenter.player", "pk": 50}, {"fields": {"game": 17, "score": 0, "number": 5, "name": "Cinque"}, "model": "callcenter.player", "pk": 51}, {"fields": {"game": 18, "score": 0, "number": 1, "name": "First"}, "model": "callcenter.player", "pk": 52}, {"fields": {"game": 18, "score": 0, "number": 2, "name": "Second"}, "model": "callcenter.player", "pk": 53}, {"fields": {"game": 18, "score": 0, "number": 3, "name": "Third"}, "model": "callcenter.player", "pk": 54}, {"fields": {"game": 18, "score": 0, "number": 4, "name": "Fourth"}, "model": "callcenter.player", "pk": 55}, {"fields": {"game": 18, "score": 0, "number": 5, "name": "Fifth"}, "model": "callcenter.player", "pk": 56}, {"fields": {"game": 18, "score": 0, "number": 6, "name": "Sixth"}, "model": "callcenter.player", "pk": 57}, {"fields": {"game": 19, "score": 92, "number": 1, "name": "A"}, "model": "callcenter.player", "pk": 58}, {"fields": {"game": 19, "score": 0, "number": 2, "name": "b"}, "model": "callcenter.player", "pk": 59}, {"fields": {"game": 19, "score": 0, "number": 3, "name": "c"}, "model": "callcenter.player", "pk": 60}, {"fields": {"game": 19, "score": 0, "number": 4, "name": "d"}, "model": "callcenter.player", "pk": 61}, {"fields": {"game": 19, "score": 0, "number": 5, "name": "e"}, "model": "callcenter.player", "pk": 62}, {"fields": {"game": 20, "score": 0, "number": 1, "name": "Paul"}, "model": "callcenter.player", "pk": 63}, {"fields": {"game": 21, "score": 0, "number": 1, "name": "Soleil"}, "model": "callcenter.player", "pk": 64}, {"fields": {"game": 21, "score": 0, "number": 2, "name": "o"}, "model": "callcenter.player", "pk": 65}, {"fields": {"game": 21, "score": 0, "number": 3, "name": "o"}, "model": "callcenter.player", "pk": 66}, {"fields": {"game": 21, "score": 0, "number": 4, "name": "o"}, "model": "callcenter.player", "pk": 67}, {"fields": {"game": 21, "score": 0, "number": 5, "name": "p"}, "model": "callcenter.player", "pk": 68}, {"fields": {"game": 22, "score": 0, "number": 1, "name": "i"}, "model": "callcenter.player", "pk": 69}, {"fields": {"game": 22, "score": 0, "number": 2, "name": "i"}, "model": "callcenter.player", "pk": 70}, {"fields": {"game": 22, "score": 0, "number": 3, "name": "i"}, "model": "callcenter.player", "pk": 71}, {"fields": {"game": 22, "score": 0, "number": 4, "name": "i"}, "model": "callcenter.player", "pk": 72}, {"fields": {"game": 22, "score": 0, "number": 5, "name": "i"}, "model": "callcenter.player", "pk": 73}, {"fields": {"game": 22, "score": 0, "number": 6, "name": "i"}, "model": "callcenter.player", "pk": 74}, {"fields": {"game": 23, "score": 0, "number": 1, "name": "CGA"}, "model": "callcenter.player", "pk": 75}, {"fields": {"game": 23, "score": 0, "number": 2, "name": "BFR"}, "model": "callcenter.player", "pk": 76}, {"fields": {"game": 24, "score": null, "number": 1, "name": "zrzt"}, "model": "callcenter.player", "pk": 77}, {"fields": {"game": 24, "score": null, "number": 2, "name": "zt"}, "model": "callcenter.player", "pk": 78}, {"fields": {"game": 24, "score": null, "number": 3, "name": "ugzu"}, "model": "callcenter.player", "pk": 79}, {"fields": {"game": 24, "score": null, "number": 4, "name": "utut"}, "model": "callcenter.player", "pk": 80}, {"fields": {"game": 24, "score": null, "number": 5, "name": "uuziuz686"}, "model": "callcenter.player", "pk": 81}, {"fields": {"game": 25, "score": 0, "number": 1, "name": "gg"}, "model": "callcenter.player", "pk": 82}, {"fields": {"game": 25, "score": 0, "number": 2, "name": "gg"}, "model": "callcenter.player", "pk": 83}, {"fields": {"game": 26, "score": 0, "number": 1, "name": "ft"}, "model": "callcenter.player", "pk": 84}, {"fields": {"game": 26, "score": 0, "number": 2, "name": "zrczrc"}, "model": "callcenter.player", "pk": 85}, {"fields": {"game": 26, "score": 0, "number": 3, "name": "gvutgv"}, "model": "callcenter.player", "pk": 86}, {"fields": {"game": 27, "score": null, "number": 1, "name": "oijoij"}, "model": "callcenter.player", "pk": 87}, {"fields": {"game": 27, "score": null, "number": 2, "name": "oijoij"}, "model": "callcenter.player", "pk": 88}, {"fields": {"game": 27, "score": null, "number": 3, "name": "oijoij"}, "model": "callcenter.player", "pk": 89}, {"fields": {"game": 27, "score": null, "number": 4, "name": "oijoij"}, "model": "callcenter.player", "pk": 90}, {"fields": {"game": 28, "score": null, "number": 1, "name": "ij"}, "model": "callcenter.player", "pk": 91}, {"fields": {"game": 28, "score": null, "number": 2, "name": "iiu"}, "model": "callcenter.player", "pk": 92}, {"fields": {"game": 28, "score": null, "number": 3, "name": "ii"}, "model": "callcenter.player", "pk": 93}, {"fields": {"game": 28, "score": null, "number": 4, "name": "ii"}, "model": "callcenter.player", "pk": 94}, {"fields": {"game": 29, "score": 0, "number": 1, "name": "opipoi"}, "model": "callcenter.player", "pk": 95}, {"fields": {"game": 29, "score": 0, "number": 2, "name": "poipoipo"}, "model": "callcenter.player", "pk": 96}, {"fields": {"game": 29, "score": 0, "number": 3, "name": "poipoi"}, "model": "callcenter.player", "pk": 97}, {"fields": {"game": 29, "score": 0, "number": 4, "name": "poipoipoi"}, "model": "callcenter.player", "pk": 98}, {"fields": {"game": 29, "score": 0, "number": 5, "name": "poipoi"}, "model": "callcenter.player", "pk": 99}, {"fields": {"game": 30, "score": 0, "number": 1, "name": "qdde"}, "model": "callcenter.player", "pk": 100}, {"fields": {"game": 30, "score": 0, "number": 2, "name": "wqeq"}, "model": "callcenter.player", "pk": 101}, {"fields": {"game": 30, "score": 0, "number": 3, "name": "ew"}, "model": "callcenter.player", "pk": 102}, {"fields": {"game": 31, "score": 0, "number": 1, "name": "ABC"}, "model": "callcenter.player", "pk": 103}, {"fields": {"game": 31, "score": 0, "number": 2, "name": "DEF"}, "model": "callcenter.player", "pk": 104}, {"fields": {"game": 31, "score": 0, "number": 3, "name": "GHI"}, "model": "callcenter.player", "pk": 105}, {"fields": {"game": 31, "score": 0, "number": 4, "name": "JKL"}, "model": "callcenter.player", "pk": 106}, {"fields": {"game": 32, "score": 0, "number": 1, "name": "Joe"}, "model": "callcenter.player", "pk": 107}, {"fields": {"game": 32, "score": 0, "number": 2, "name": "Bar"}, "model": "callcenter.player", "pk": 108}, {"fields": {"game": 32, "score": 0, "number": 3, "name": "Paul"}, "model": "callcenter.player", "pk": 109}, {"fields": {"game": 32, "score": 0, "number": 4, "name": "Queen"}, "model": "callcenter.player", "pk": 110}, {"fields": {"game": 33, "score": 0, "number": 1, "name": "o"}, "model": "callcenter.player", "pk": 111}, {"fields": {"game": 33, "score": 0, "number": 2, "name": "oo"}, "model": "callcenter.player", "pk": 112}, {"fields": {"game": 33, "score": 0, "number": 3, "name": "ooo"}, "model": "callcenter.player", "pk": 113}, {"fields": {"game": 34, "score": 0, "number": 1, "name": "pp"}, "model": "callcenter.player", "pk": 114}, {"fields": {"game": 34, "score": 0, "number": 2, "name": "pp"}, "model": "callcenter.player", "pk": 115}, {"fields": {"game": 34, "score": 0, "number": 3, "name": "ppp"}, "model": "callcenter.player", "pk": 116}, {"fields": {"game": 35, "score": null, "number": null, "name": "oo"}, "model": "callcenter.player", "pk": 117}, {"fields": {"game": 35, "score": null, "number": null, "name": "oo"}, "model": "callcenter.player", "pk": 118}, {"fields": {"game": 35, "score": null, "number": null, "name": "oo"}, "model": "callcenter.player", "pk": 119}, {"fields": {"game": 35, "score": null, "number": null, "name": "oo"}, "model": "callcenter.player", "pk": 120}, {"fields": {"game": 36, "score": 0, "number": 1, "name": "poioipo"}, "model": "callcenter.player", "pk": 121}, {"fields": {"game": 36, "score": 0, "number": 2, "name": "poipoipo"}, "model": "callcenter.player", "pk": 122}, {"fields": {"game": 36, "score": 0, "number": 3, "name": "poipoipoipo"}, "model": "callcenter.player", "pk": 123}, {"fields": {"game": 37, "score": 0, "number": 1, "name": "o"}, "model": "callcenter.player", "pk": 124}, {"fields": {"game": 37, "score": 0, "number": 2, "name": "o"}, "model": "callcenter.player", "pk": 125}, {"fields": {"game": 37, "score": 0, "number": 3, "name": "o"}, "model": "callcenter.player", "pk": 126}, {"fields": {"game": 37, "score": 0, "number": 4, "name": "o"}, "model": "callcenter.player", "pk": 127}, {"fields": {"game": 38, "score": 0, "number": 1, "name": "p"}, "model": "callcenter.player", "pk": 128}, {"fields": {"game": 38, "score": 0, "number": 2, "name": "p"}, "model": "callcenter.player", "pk": 129}, {"fields": {"game": 38, "score": 0, "number": 3, "name": "p"}, "model": "callcenter.player", "pk": 130}, {"fields": {"game": 38, "score": 0, "number": 4, "name": "p"}, "model": "callcenter.player", "pk": 131}, {"fields": {"game": 39, "score": 0, "number": 1, "name": "o"}, "model": "callcenter.player", "pk": 132}, {"fields": {"game": 39, "score": 0, "number": 2, "name": "o"}, "model": "callcenter.player", "pk": 133}, {"fields": {"game": 39, "score": 0, "number": 3, "name": "o"}, "model": "callcenter.player", "pk": 134}, {"fields": {"game": 39, "score": 0, "number": 4, "name": "o"}, "model": "callcenter.player", "pk": 135}, {"fields": {"game": 40, "score": 0, "number": 1, "name": "w"}, "model": "callcenter.player", "pk": 136}, {"fields": {"game": 40, "score": 0, "number": 2, "name": "q"}, "model": "callcenter.player", "pk": 137}, {"fields": {"game": 40, "score": 0, "number": 3, "name": "q"}, "model": "callcenter.player", "pk": 138}, {"fields": {"game": 40, "score": 0, "number": 4, "name": "q"}, "model": "callcenter.player", "pk": 139}, {"fields": {"game": 41, "score": 0, "number": 1, "name": "1"}, "model": "callcenter.player", "pk": 140}, {"fields": {"game": 41, "score": 0, "number": 2, "name": "1"}, "model": "callcenter.player", "pk": 141}, {"fields": {"game": 41, "score": 0, "number": 3, "name": "1"}, "model": "callcenter.player", "pk": 142}, {"fields": {"game": 41, "score": 0, "number": 4, "name": "1"}, "model": "callcenter.player", "pk": 143}, {"fields": {"game": 42, "score": 0, "number": 1, "name": "22"}, "model": "callcenter.player", "pk": 144}, {"fields": {"game": 42, "score": 0, "number": 2, "name": "2"}, "model": "callcenter.player", "pk": 145}, {"fields": {"game": 42, "score": 0, "number": 3, "name": "2"}, "model": "callcenter.player", "pk": 146}, {"fields": {"game": 43, "score": 0, "number": 1, "name": "qwd"}, "model": "callcenter.player", "pk": 147}, {"fields": {"game": 43, "score": 0, "number": 2, "name": "qwd"}, "model": "callcenter.player", "pk": 148}, {"fields": {"game": 43, "score": 0, "number": 3, "name": "qd"}, "model": "callcenter.player", "pk": 149}, {"fields": {"game": 43, "score": 0, "number": 4, "name": "wdq"}, "model": "callcenter.player", "pk": 150}, {"fields": {"game": 44, "score": 0, "number": 1, "name": "wef"}, "model": "callcenter.player", "pk": 151}, {"fields": {"game": 44, "score": 0, "number": 2, "name": "wef"}, "model": "callcenter.player", "pk": 152}, {"fields": {"game": 44, "score": 0, "number": 3, "name": "wfe"}, "model": "callcenter.player", "pk": 153}, {"fields": {"game": 44, "score": 0, "number": 4, "name": "wfe"}, "model": "callcenter.player", "pk": 154}, {"fields": {"game": 45, "score": 0, "number": 1, "name": "o"}, "model": "callcenter.player", "pk": 155}, {"fields": {"game": 45, "score": 0, "number": 2, "name": "u"}, "model": "callcenter.player", "pk": 156}, {"fields": {"game": 45, "score": 0, "number": 3, "name": "e"}, "model": "callcenter.player", "pk": 157}, {"fields": {"game": 45, "score": 0, "number": 4, "name": "s"}, "model": "callcenter.player", "pk": 158}, {"fields": {"game": 46, "score": null, "number": 1, "name": "oiuoi"}, "model": "callcenter.player", "pk": 159}, {"fields": {"game": 46, "score": null, "number": 2, "name": "pooi"}, "model": "callcenter.player", "pk": 160}, {"fields": {"game": 46, "score": null, "number": 3, "name": "poioi"}, "model": "callcenter.player", "pk": 161}, {"fields": {"game": 46, "score": null, "number": 4, "name": "poipoi"}, "model": "callcenter.player", "pk": 162}, {"fields": {"game": 47, "score": 0, "number": 1, "name": "qdw"}, "model": "callcenter.player", "pk": 163}, {"fields": {"game": 47, "score": 0, "number": 2, "name": "q"}, "model": "callcenter.player", "pk": 164}, {"fields": {"game": 47, "score": 0, "number": 3, "name": "q"}, "model": "callcenter.player", "pk": 165}, {"fields": {"game": 48, "score": 0, "number": 1, "name": "e"}, "model": "callcenter.player", "pk": 166}, {"fields": {"game": 48, "score": 0, "number": 2, "name": "e"}, "model": "callcenter.player", "pk": 167}, {"fields": {"game": 48, "score": 0, "number": 3, "name": "e"}, "model": "callcenter.player", "pk": 168}, {"fields": {"game": 48, "score": 0, "number": 4, "name": "e"}, "model": "callcenter.player", "pk": 169}, {"fields": {"game": 49, "score": 0, "number": 1, "name": "wq"}, "model": "callcenter.player", "pk": 170}, {"fields": {"game": 49, "score": 0, "number": 2, "name": "q"}, "model": "callcenter.player", "pk": 171}, {"fields": {"game": 49, "score": 0, "number": 3, "name": "q"}, "model": "callcenter.player", "pk": 172}, {"fields": {"game": 49, "score": 0, "number": 4, "name": "q"}, "model": "callcenter.player", "pk": 173}, {"fields": {"game": 50, "score": null, "number": 1, "name": "qwd"}, "model": "callcenter.player", "pk": 174}, {"fields": {"game": 50, "score": null, "number": 2, "name": "qdw"}, "model": "callcenter.player", "pk": 175}, {"fields": {"game": 50, "score": null, "number": 3, "name": "qwd"}, "model": "callcenter.player", "pk": 176}, {"fields": {"game": 50, "score": null, "number": 4, "name": "qdw"}, "model": "callcenter.player", "pk": 177}, {"fields": {"game": 50, "score": null, "number": 5, "name": "dqdwq"}, "model": "callcenter.player", "pk": 178}, {"fields": {"game": 51, "score": 0, "number": 1, "name": "iuoiuoiu"}, "model": "callcenter.player", "pk": 179}, {"fields": {"game": 51, "score": 0, "number": 2, "name": "oiuoiu"}, "model": "callcenter.player", "pk": 180}, {"fields": {"game": 51, "score": 0, "number": 3, "name": "uoiuoi"}, "model": "callcenter.player", "pk": 181}, {"fields": {"game": 52, "score": 0, "number": 1, "name": "oiuoiu"}, "model": "callcenter.player", "pk": 182}, {"fields": {"game": 52, "score": 0, "number": 2, "name": "ii"}, "model": "callcenter.player", "pk": 183}, {"fields": {"game": 52, "score": 0, "number": 3, "name": "oio"}, "model": "callcenter.player", "pk": 184}, {"fields": {"game": 53, "score": null, "number": 1, "name": "oo"}, "model": "callcenter.player", "pk": 185}, {"fields": {"game": 53, "score": null, "number": 2, "name": "oo"}, "model": "callcenter.player", "pk": 186}, {"fields": {"game": 53, "score": null, "number": 3, "name": "oo"}, "model": "callcenter.player", "pk": 187}, {"fields": {"game": 54, "score": null, "number": 1, "name": "fft"}, "model": "callcenter.player", "pk": 188}, {"fields": {"game": 54, "score": null, "number": 2, "name": "gzt"}, "model": "callcenter.player", "pk": 189}, {"fields": {"game": 54, "score": null, "number": 3, "name": "gg"}, "model": "callcenter.player", "pk": 190}, {"fields": {"game": 55, "score": 0, "number": 1, "name": "wddw"}, "model": "callcenter.player", "pk": 191}, {"fields": {"game": 55, "score": 0, "number": 2, "name": "dwdw"}, "model": "callcenter.player", "pk": 192}, {"fields": {"game": 55, "score": 67, "number": 3, "name": "dwdw"}, "model": "callcenter.player", "pk": 193}, {"fields": {"game": 56, "score": 92, "number": 1, "name": "A"}, "model": "callcenter.player", "pk": 194}, {"fields": {"game": 56, "score": 0, "number": 2, "name": "B"}, "model": "callcenter.player", "pk": 195}, {"fields": {"game": 56, "score": 82, "number": 3, "name": "C"}, "model": "callcenter.player", "pk": 196}, {"fields": {"game": 57, "score": 0, "number": 1, "name": "a"}, "model": "callcenter.player", "pk": 197}, {"fields": {"game": 57, "score": 0, "number": 2, "name": "b"}, "model": "callcenter.player", "pk": 198}, {"fields": {"game": 57, "score": 0, "number": 3, "name": "c"}, "model": "callcenter.player", "pk": 199}, {"fields": {"game": 57, "score": 0, "number": 4, "name": "d"}, "model": "callcenter.player", "pk": 200}, {"fields": {"game": 58, "score": 0, "number": 1, "name": "ii"}, "model": "callcenter.player", "pk": 201}, {"fields": {"game": 58, "score": 0, "number": 2, "name": "ii"}, "model": "callcenter.player", "pk": 202}, {"fields": {"game": 58, "score": 0, "number": 3, "name": "ii"}, "model": "callcenter.player", "pk": 203}, {"fields": {"hangup_time": "2015-07-10T17:52:10.099Z", "sequence": 1, "pickup_time": "2015-07-10T17:51:55.533Z", "question": 191, "phone": 1101, "player": 17, "answer": 2, "correct": 0}, "model": "callcenter.answer", "pk": 1}, {"fields": {"hangup_time": "2015-07-10T17:53:24.626Z", "sequence": 1, "pickup_time": "2015-07-10T17:53:12.313Z", "question": 270, "phone": 1101, "player": 15, "answer": 7, "correct": 1}, "model": "callcenter.answer", "pk": 2}, {"fields": {"hangup_time": "2015-07-10T17:59:08.272Z", "sequence": 1, "pickup_time": "2015-07-10T17:58:53.484Z", "question": 93, "phone": 1101, "player": 13, "answer": 4, "correct": 0}, "model": "callcenter.answer", "pk": 3}, {"fields": {"hangup_time": "2015-07-10T18:04:27.259Z", "sequence": 2, "pickup_time": "2015-07-10T18:04:09.834Z", "question": 194, "phone": 1001, "player": 13, "answer": 9, "correct": 0}, "model": "callcenter.answer", "pk": 4}, {"fields": {"hangup_time": "2015-07-10T18:04:27.711Z", "sequence": 2, "pickup_time": "2015-07-10T18:04:15.851Z", "question": 96, "phone": 1002, "player": 15, "answer": 6, "correct": 0}, "model": "callcenter.answer", "pk": 5}, {"fields": {"hangup_time": "2015-07-10T18:05:09.115Z", "sequence": 1, "pickup_time": "2015-07-10T18:04:58.717Z", "question": 246, "phone": 1002, "player": 12, "answer": 7, "correct": 0}, "model": "callcenter.answer", "pk": 6}, {"fields": {"hangup_time": "2015-07-10T18:05:12.653Z", "sequence": 2, "pickup_time": "2015-07-10T18:04:59.402Z", "question": 281, "phone": 1001, "player": 12, "answer": 6, "correct": 0}, "model": "callcenter.answer", "pk": 7}, {"fields": {"hangup_time": "2015-07-10T19:19:34.895Z", "sequence": 1, "pickup_time": "2015-07-10T19:19:23.807Z", "question": 235, "phone": 1002, "player": 19, "answer": 5, "correct": 1}, "model": "callcenter.answer", "pk": 8}, {"fields": {"hangup_time": "2015-07-10T19:55:11.178Z", "sequence": 2, "pickup_time": "2015-07-10T19:55:00.261Z", "question": 178, "phone": 1001, "player": 19, "answer": 4, "correct": 0}, "model": "callcenter.answer", "pk": 9}, {"fields": {"hangup_time": "2015-07-10T20:01:25.207Z", "sequence": 3, "pickup_time": "2015-07-10T19:57:17.184Z", "question": 282, "phone": 1002, "player": 19, "answer": 6, "correct": 0}, "model": "callcenter.answer", "pk": 10}, {"fields": {"hangup_time": "2015-07-11T11:07:51.104Z", "sequence": 1, "pickup_time": "2015-07-11T11:07:41.655Z", "question": 293, "phone": 1101, "player": 18, "answer": 6, "correct": 0}, "model": "callcenter.answer", "pk": 11}, {"fields": {"hangup_time": "2015-07-11T11:08:25.327Z", "sequence": 2, "pickup_time": "2015-07-11T11:08:08.459Z", "question": 41, "phone": 1101, "player": 18, "answer": 2, "correct": 0}, "model": "callcenter.answer", "pk": 12}, {"fields": {"hangup_time": "2015-07-11T11:32:59.281Z", "sequence": 1, "pickup_time": "2015-07-11T11:32:44.016Z", "question": 269, "phone": 1001, "player": 21, "answer": 5, "correct": 0}, "model": "callcenter.answer", "pk": 13}, {"fields": {"hangup_time": "2015-07-11T11:33:31.944Z", "sequence": 1, "pickup_time": "2015-07-11T11:33:21.826Z", "question": 145, "phone": 1002, "player": 20, "answer": 5, "correct": 0}, "model": "callcenter.answer", "pk": 14}, {"fields": {"hangup_time": "2015-07-11T11:47:44.898Z", "sequence": 2, "pickup_time": "2015-07-11T11:47:27.905Z", "question": 32, "phone": 1002, "player": 20, "answer": 5, "correct": 0}, "model": "callcenter.answer", "pk": 15}, {"fields": {"hangup_time": "2015-07-11T11:48:01.150Z", "sequence": 3, "pickup_time": "2015-07-11T11:47:50.232Z", "question": 210, "phone": 1001, "player": 20, "answer": 4, "correct": 0}, "model": "callcenter.answer", "pk": 16}, {"fields": {"hangup_time": "2015-07-11T12:19:13.835Z", "sequence": 2, "pickup_time": "2015-07-11T12:18:55.897Z", "question": 213, "phone": 1001, "player": 21, "answer": 7, "correct": 0}, "model": "callcenter.answer", "pk": 17}, {"fields": {"hangup_time": "2015-07-11T12:42:04.841Z", "sequence": 1, "pickup_time": "2015-07-11T12:41:49.969Z", "question": 120, "phone": 1001, "player": 22, "answer": 4, "correct": 0}, "model": "callcenter.answer", "pk": 18}, {"fields": {"hangup_time": "2015-07-11T12:59:15.237Z", "sequence": 4, "pickup_time": "2015-07-11T12:59:00.861Z", "question": 9, "phone": 1002, "player": 20, "answer": 4, "correct": 0}, "model": "callcenter.answer", "pk": 19}, {"fields": {"hangup_time": "2015-07-11T14:03:45.817Z", "sequence": 1, "pickup_time": "2015-07-11T14:03:31.537Z", "question": 170, "phone": 1001, "player": 23, "answer": 6, "correct": 0}, "model": "callcenter.answer", "pk": 20}, {"fields": {"hangup_time": "2015-07-11T15:50:32.175Z", "sequence": 5, "pickup_time": "2015-07-11T15:50:16.927Z", "question": 65, "phone": 1002, "player": 20, "answer": 2, "correct": 1}, "model": "callcenter.answer", "pk": 21}, {"fields": {"hangup_time": "2015-07-11T18:48:20.268Z", "sequence": 2, "pickup_time": "2015-07-11T18:48:06.656Z", "question": 211, "phone": 1002, "player": 22, "answer": 5, "correct": 0}, "model": "callcenter.answer", "pk": 22}, {"fields": {"hangup_time": "2015-07-11T18:48:37.951Z", "sequence": 6, "pickup_time": "2015-07-11T18:48:21.348Z", "question": 58, "phone": 1001, "player": 20, "answer": 6, "correct": 0}, "model": "callcenter.answer", "pk": 23}, {"fields": {"hangup_time": "2015-07-11T18:49:10.583Z", "sequence": 3, "pickup_time": "2015-07-11T18:48:56.359Z", "question": 2, "phone": 1001, "player": 21, "answer": 7, "correct": 0}, "model": "callcenter.answer", "pk": 24}, {"fields": {"hangup_time": "2015-07-11T18:49:19.075Z", "sequence": 7, "pickup_time": "2015-07-11T18:48:53.112Z", "question": 313, "phone": 1002, "player": 20, "answer": 6, "correct": 1}, "model": "callcenter.answer", "pk": 25}, {"fields": {"hangup_time": "2015-07-12T13:15:49.409Z", "sequence": 1, "pickup_time": "2015-07-12T13:15:39.166Z", "question": 318, "phone": 1001, "player": 59, "answer": 7, "correct": 0}, "model": "callcenter.answer", "pk": 26}, {"fields": {"hangup_time": "2015-07-12T13:15:54.151Z", "sequence": 1, "pickup_time": "2015-07-12T13:15:38.050Z", "question": 73, "phone": 1002, "player": 58, "answer": 1, "correct": 1}, "model": "callcenter.answer", "pk": 27}, {"fields": {"hangup_time": "2015-07-12T16:27:32.623Z", "sequence": 1, "pickup_time": "2015-07-12T16:27:21.500Z", "question": 87, "phone": 1001, "player": 76, "answer": 4, "correct": 0}, "model": "callcenter.answer", "pk": 28}, {"fields": {"hangup_time": "2015-07-12T16:27:38.325Z", "sequence": 1, "pickup_time": "2015-07-12T16:27:22.737Z", "question": 265, "phone": 1002, "player": 75, "answer": 6, "correct": 0}, "model": "callcenter.answer", "pk": 29}, {"fields": {"hangup_time": "2015-07-12T17:18:39.356Z", "sequence": 1, "pickup_time": "2015-07-12T17:09:05.971Z", "question": 166, "phone": 1002, "player": 64, "answer": 4, "correct": 0}, "model": "callcenter.answer", "pk": 30}, {"fields": {"hangup_time": "2015-07-12T17:18:44.334Z", "sequence": 1, "pickup_time": "2015-07-12T17:09:07.380Z", "question": 3, "phone": 1001, "player": 65, "answer": 3, "correct": 0}, "model": "callcenter.answer", "pk": 31}, {"fields": {"hangup_time": "2015-07-12T17:18:44.840Z", "sequence": 2, "pickup_time": "2015-07-12T17:09:38.108Z", "question": 30, "phone": 1002, "player": 64, "answer": 2, "correct": 0}, "model": "callcenter.answer", "pk": 32}, {"fields": {"hangup_time": "2015-07-12T17:47:01.739Z", "sequence": 1, "pickup_time": "2015-07-12T17:46:29.269Z", "question": 169, "phone": 1002, "player": 84, "answer": 1, "correct": 0}, "model": "callcenter.answer", "pk": 33}, {"fields": {"hangup_time": "2015-07-12T17:52:35.236Z", "sequence": 1, "pickup_time": "2015-07-12T17:46:54.795Z", "question": 256, "phone": 1001, "player": 85, "answer": 4, "correct": 1}, "model": "callcenter.answer", "pk": 34}, {"fields": {"hangup_time": "2015-07-12T18:17:23.168Z", "sequence": 1, "pickup_time": "2015-07-12T18:17:01.524Z", "question": 167, "phone": 1002, "player": 96, "answer": 4, "correct": 0}, "model": "callcenter.answer", "pk": 35}, {"fields": {"hangup_time": "2015-07-12T18:54:12.387Z", "sequence": 1, "pickup_time": "2015-07-12T18:16:57.131Z", "question": 94, "phone": 1001, "player": 95, "answer": 4, "correct": 1}, "model": "callcenter.answer", "pk": 36}, {"fields": {"hangup_time": "2015-07-12T18:58:53.704Z", "sequence": 1, "pickup_time": "2015-07-12T18:57:04.319Z", "question": 54, "phone": 1001, "player": 101, "answer": 6, "correct": 0}, "model": "callcenter.answer", "pk": 37}, {"fields": {"hangup_time": "2015-07-12T18:58:53.712Z", "sequence": 1, "pickup_time": "2015-07-12T18:57:02.136Z", "question": 54, "phone": 1002, "player": 100, "answer": 5, "correct": 0}, "model": "callcenter.answer", "pk": 38}, {"fields": {"hangup_time": "2015-07-13T10:42:36.563Z", "sequence": 1, "pickup_time": "2015-07-13T10:42:21.969Z", "question": 448, "phone": 1002, "player": 107, "answer": 2, "correct": 0}, "model": "callcenter.answer", "pk": 39}, {"fields": {"hangup_time": "2015-07-13T10:50:37.479Z", "sequence": 1, "pickup_time": "2015-07-13T10:50:22.803Z", "question": 84, "phone": 1002, "player": 112, "answer": 6, "correct": 0}, "model": "callcenter.answer", "pk": 40}, {"fields": {"hangup_time": "2015-07-13T10:58:02.668Z", "sequence": 1, "pickup_time": "2015-07-13T10:57:46.464Z", "question": 274, "phone": 1002, "player": 114, "answer": 5, "correct": 0}, "model": "callcenter.answer", "pk": 41}, {"fields": {"hangup_time": "2015-07-13T12:33:00.884Z", "sequence": 1, "pickup_time": "2015-07-13T12:32:17.129Z", "question": 168, "phone": 1001, "player": 121, "answer": 5, "correct": 0}, "model": "callcenter.answer", "pk": 42}, {"fields": {"hangup_time": "2015-07-13T13:27:21.386Z", "sequence": 1, "pickup_time": "2015-07-13T13:27:00.692Z", "question": 573, "phone": 1001, "player": 136, "answer": 4, "correct": 0}, "model": "callcenter.answer", "pk": 43}, {"fields": {"hangup_time": "2015-07-13T13:27:23.790Z", "sequence": 1, "pickup_time": "2015-07-13T13:27:10.610Z", "question": 241, "phone": 1002, "player": 137, "answer": 1, "correct": 0}, "model": "callcenter.answer", "pk": 44}, {"fields": {"hangup_time": "2015-07-13T14:03:34.182Z", "sequence": 1, "pickup_time": "2015-07-13T14:03:23.179Z", "question": 18, "phone": 1002, "player": 140, "answer": 3, "correct": 0}, "model": "callcenter.answer", "pk": 45}, {"fields": {"hangup_time": "2015-07-13T14:04:07.865Z", "sequence": 1, "pickup_time": "2015-07-13T14:03:24.232Z", "question": 47, "phone": 1001, "player": 141, "answer": 4, "correct": 0}, "model": "callcenter.answer", "pk": 46}, {"fields": {"hangup_time": "2015-07-13T14:09:17.561Z", "sequence": 1, "pickup_time": "2015-07-13T14:08:34.777Z", "question": 175, "phone": 1002, "player": 144, "answer": 4, "correct": 0}, "model": "callcenter.answer", "pk": 47}, {"fields": {"hangup_time": "2015-07-13T14:09:18.209Z", "sequence": 1, "pickup_time": "2015-07-13T14:09:01.656Z", "question": 561, "phone": 1001, "player": 145, "answer": 4, "correct": 0}, "model": "callcenter.answer", "pk": 48}, {"fields": {"hangup_time": "2015-07-13T14:23:00.871Z", "sequence": 1, "pickup_time": "2015-07-13T14:22:30.339Z", "question": 221, "phone": 1001, "player": 147, "answer": 6, "correct": 0}, "model": "callcenter.answer", "pk": 49}, {"fields": {"hangup_time": "2015-07-13T14:23:01.072Z", "sequence": 1, "pickup_time": "2015-07-13T14:22:34.589Z", "question": 60, "phone": 1002, "player": 148, "answer": 2, "correct": 1}, "model": "callcenter.answer", "pk": 50}, {"fields": {"hangup_time": "2015-07-13T14:28:44.549Z", "sequence": 1, "pickup_time": "2015-07-13T14:28:12.112Z", "question": 350, "phone": 1002, "player": 151, "answer": 4, "correct": 0}, "model": "callcenter.answer", "pk": 51}, {"fields": {"hangup_time": "2015-07-13T14:29:49.713Z", "sequence": 1, "pickup_time": "2015-07-13T14:28:17.924Z", "question": 542, "phone": 1001, "player": 152, "answer": 7, "correct": 1}, "model": "callcenter.answer", "pk": 52}, {"fields": {"hangup_time": "2015-07-13T19:17:37.344Z", "sequence": 1, "pickup_time": "2015-07-13T19:17:22.424Z", "question": 264, "phone": 1002, "player": 164, "answer": 4, "correct": 0}, "model": "callcenter.answer", "pk": 53}, {"fields": {"hangup_time": "2015-07-13T19:18:25.296Z", "sequence": 2, "pickup_time": "2015-07-13T19:18:05.498Z", "question": 435, "phone": 1001, "player": 164, "answer": 5, "correct": 0}, "model": "callcenter.answer", "pk": 54}, {"fields": {"hangup_time": "2015-07-13T19:18:56.734Z", "sequence": 3, "pickup_time": "2015-07-13T19:17:27.847Z", "question": 424, "phone": 1001, "player": 164, "answer": 6, "correct": 0}, "model": "callcenter.answer", "pk": 55}, {"fields": {"hangup_time": "2015-07-13T21:01:42.874Z", "sequence": 1, "pickup_time": "2015-07-13T21:01:30.918Z", "question": 141, "phone": 1001, "player": 187, "answer": 5, "correct": 0}, "model": "callcenter.answer", "pk": 56}, {"fields": {"hangup_time": "2015-07-13T21:01:49.818Z", "sequence": 1, "pickup_time": "2015-07-13T21:01:35.213Z", "question": 570, "phone": 1002, "player": 185, "answer": 7, "correct": 0}, "model": "callcenter.answer", "pk": 57}, {"fields": {"hangup_time": "2015-07-13T21:12:22.343Z", "sequence": 1, "pickup_time": "2015-07-13T21:12:11.385Z", "question": 253, "phone": 1001, "player": 191, "answer": 4, "correct": 0}, "model": "callcenter.answer", "pk": 58}, {"fields": {"hangup_time": "2015-07-13T21:12:26.821Z", "sequence": 1, "pickup_time": "2015-07-13T21:12:14.317Z", "question": 212, "phone": 1002, "player": 192, "answer": 5, "correct": 0}, "model": "callcenter.answer", "pk": 59}, {"fields": {"hangup_time": "2015-07-13T21:12:49.577Z", "sequence": 1, "pickup_time": "2015-07-13T21:12:37.980Z", "question": 381, "phone": 1002, "player": 193, "answer": 4, "correct": 1}, "model": "callcenter.answer", "pk": 60}, {"fields": {"hangup_time": "2015-07-14T07:46:00.417Z", "sequence": 1, "pickup_time": "2015-07-14T07:45:44.101Z", "question": 328, "phone": 1001, "player": 194, "answer": 5, "correct": 1}, "model": "callcenter.answer", "pk": 61}, {"fields": {"hangup_time": "2015-07-14T07:46:07.762Z", "sequence": 1, "pickup_time": "2015-07-14T07:45:49.087Z", "question": 169, "phone": 1002, "player": 195, "answer": 4, "correct": 0}, "model": "callcenter.answer", "pk": 62}, {"fields": {"hangup_time": "2015-07-14T07:46:27.736Z", "sequence": 1, "pickup_time": "2015-07-14T07:46:13.184Z", "question": 231, "phone": 1001, "player": 196, "answer": 6, "correct": 1}, "model": "callcenter.answer", "pk": 63}, {"fields": {"hangup_time": "2015-07-14T07:48:14.114Z", "sequence": 1, "pickup_time": "2015-07-14T07:48:00.546Z", "question": 215, "phone": 1001, "player": 94, "answer": 4, "correct": 0}, "model": "callcenter.answer", "pk": 64}, {"fields": {"hangup_time": "2015-07-14T11:47:13.642Z", "sequence": 1, "pickup_time": "2015-07-14T11:46:59.501Z", "question": 196, "phone": 1002, "player": 198, "answer": 4, "correct": 0}, "model": "callcenter.answer", "pk": 65}, {"fields": {"hangup_time": "2015-07-14T11:47:16.488Z", "sequence": 1, "pickup_time": "2015-07-14T11:46:57.494Z", "question": 228, "phone": 1001, "player": 197, "answer": 5, "correct": 0}, "model": "callcenter.answer", "pk": 66}, {"fields": {"hangup_time": "2015-07-14T11:57:25.710Z", "sequence": 1, "pickup_time": "2015-07-14T11:57:11.563Z", "question": 570, "phone": 1001, "player": 202, "answer": 3, "correct": 0}, "model": "callcenter.answer", "pk": 67}, {"fields": {"hangup_time": "2015-07-14T11:57:26.230Z", "sequence": 1, "pickup_time": "2015-07-14T11:57:13.699Z", "question": 190, "phone": 1002, "player": 201, "answer": 5, "correct": 0}, "model": "callcenter.answer", "pk": 68}, {"fields": {"hangup_time": "2015-07-14T11:57:54.841Z", "sequence": 2, "pickup_time": "2015-07-14T11:57:39.555Z", "question": 594, "phone": 1001, "player": 202, "answer": 6, "correct": 0}, "model": "callcenter.answer", "pk": 69}, {"fields": {"department": 5}, "model": "callcenter.question", "pk": 2}, {"fields": {"department": 5}, "model": "callcenter.question", "pk": 3}, {"fields": {"department": 5}, "model": "callcenter.question", "pk": 4}, {"fields": {"department": 5}, "model": "callcenter.question", "pk": 5}, {"fields": {"department": 5}, "model": "callcenter.question", "pk": 6}, {"fields": {"department": 5}, "model": "callcenter.question", "pk": 7}, {"fields": {"department": 5}, "model": "callcenter.question", "pk": 8}, {"fields": {"department": 5}, "model": "callcenter.question", "pk": 9}, {"fields": {"department": 5}, "model": "callcenter.question", "pk": 10}, {"fields": {"department": 5}, "model": "callcenter.question", "pk": 11}, {"fields": {"department": 5}, "model": "callcenter.question", "pk": 12}, {"fields": {"department": 5}, "model": "callcenter.question", "pk": 13}, {"fields": {"department": 5}, "model": "callcenter.question", "pk": 14}, {"fields": {"department": 5}, "model": "callcenter.question", "pk": 15}, {"fields": {"department": 5}, "model": "callcenter.question", "pk": 16}, {"fields": {"department": 5}, "model": "callcenter.question", "pk": 17}, {"fields": {"department": 5}, "model": "callcenter.question", "pk": 18}, {"fields": {"department": 5}, "model": "callcenter.question", "pk": 19}, {"fields": {"department": 5}, "model": "callcenter.question", "pk": 20}, {"fields": {"department": 5}, "model": "callcenter.question", "pk": 21}, {"fields": {"department": 5}, "model": "callcenter.question", "pk": 22}, {"fields": {"department": 5}, "model": "callcenter.question", "pk": 23}, {"fields": {"department": 5}, "model": "callcenter.question", "pk": 24}, {"fields": {"department": 5}, "model": "callcenter.question", "pk": 25}, {"fields": {"department": 5}, "model": "callcenter.question", "pk": 26}, {"fields": {"department": 5}, "model": "callcenter.question", "pk": 27}, {"fields": {"department": 5}, "model": "callcenter.question", "pk": 28}, {"fields": {"department": 5}, "model": "callcenter.question", "pk": 29}, {"fields": {"department": 5}, "model": "callcenter.question", "pk": 30}, {"fields": {"department": 5}, "model": "callcenter.question", "pk": 31}, {"fields": {"department": 5}, "model": "callcenter.question", "pk": 32}, {"fields": {"department": 5}, "model": "callcenter.question", "pk": 33}, {"fields": {"department": 5}, "model": "callcenter.question", "pk": 34}, {"fields": {"department": 5}, "model": "callcenter.question", "pk": 35}, {"fields": {"department": 5}, "model": "callcenter.question", "pk": 36}, {"fields": {"department": 5}, "model": "callcenter.question", "pk": 37}, {"fields": {"department": 5}, "model": "callcenter.question", "pk": 38}, {"fields": {"department": 5}, "model": "callcenter.question", "pk": 39}, {"fields": {"department": 5}, "model": "callcenter.question", "pk": 40}, {"fields": {"department": 5}, "model": "callcenter.question", "pk": 41}, {"fields": {"department": 4}, "model": "callcenter.question", "pk": 42}, {"fields": {"department": 4}, "model": "callcenter.question", "pk": 43}, {"fields": {"department": 4}, "model": "callcenter.question", "pk": 44}, {"fields": {"department": 4}, "model": "callcenter.question", "pk": 45}, {"fields": {"department": 4}, "model": "callcenter.question", "pk": 46}, {"fields": {"department": 4}, "model": "callcenter.question", "pk": 47}, {"fields": {"department": 4}, "model": "callcenter.question", "pk": 48}, {"fields": {"department": 4}, "model": "callcenter.question", "pk": 49}, {"fields": {"department": 4}, "model": "callcenter.question", "pk": 50}, {"fields": {"department": 4}, "model": "callcenter.question", "pk": 51}, {"fields": {"department": 4}, "model": "callcenter.question", "pk": 52}, {"fields": {"department": 4}, "model": "callcenter.question", "pk": 53}, {"fields": {"department": 4}, "model": "callcenter.question", "pk": 54}, {"fields": {"department": 4}, "model": "callcenter.question", "pk": 55}, {"fields": {"department": 4}, "model": "callcenter.question", "pk": 56}, {"fields": {"department": 4}, "model": "callcenter.question", "pk": 57}, {"fields": {"department": 4}, "model": "callcenter.question", "pk": 58}, {"fields": {"department": 4}, "model": "callcenter.question", "pk": 59}, {"fields": {"department": 4}, "model": "callcenter.question", "pk": 60}, {"fields": {"department": 4}, "model": "callcenter.question", "pk": 61}, {"fields": {"department": 4}, "model": "callcenter.question", "pk": 62}, {"fields": {"department": 4}, "model": "callcenter.question", "pk": 63}, {"fields": {"department": 4}, "model": "callcenter.question", "pk": 64}, {"fields": {"department": 4}, "model": "callcenter.question", "pk": 65}, {"fields": {"department": 4}, "model": "callcenter.question", "pk": 66}, {"fields": {"department": 4}, "model": "callcenter.question", "pk": 67}, {"fields": {"department": 4}, "model": "callcenter.question", "pk": 68}, {"fields": {"department": 3}, "model": "callcenter.question", "pk": 69}, {"fields": {"department": 3}, "model": "callcenter.question", "pk": 70}, {"fields": {"department": 3}, "model": "callcenter.question", "pk": 71}, {"fields": {"department": 3}, "model": "callcenter.question", "pk": 72}, {"fields": {"department": 3}, "model": "callcenter.question", "pk": 73}, {"fields": {"department": 3}, "model": "callcenter.question", "pk": 74}, {"fields": {"department": 3}, "model": "callcenter.question", "pk": 75}, {"fields": {"department": 3}, "model": "callcenter.question", "pk": 76}, {"fields": {"department": 3}, "model": "callcenter.question", "pk": 77}, {"fields": {"department": 3}, "model": "callcenter.question", "pk": 78}, {"fields": {"department": 3}, "model": "callcenter.question", "pk": 79}, {"fields": {"department": 3}, "model": "callcenter.question", "pk": 80}, {"fields": {"department": 3}, "model": "callcenter.question", "pk": 81}, {"fields": {"department": 3}, "model": "callcenter.question", "pk": 82}, {"fields": {"department": 3}, "model": "callcenter.question", "pk": 83}, {"fields": {"department": 3}, "model": "callcenter.question", "pk": 84}, {"fields": {"department": 3}, "model": "callcenter.question", "pk": 85}, {"fields": {"department": 3}, "model": "callcenter.question", "pk": 86}, {"fields": {"department": 3}, "model": "callcenter.question", "pk": 87}, {"fields": {"department": 3}, "model": "callcenter.question", "pk": 88}, {"fields": {"department": 3}, "model": "callcenter.question", "pk": 89}, {"fields": {"department": 3}, "model": "callcenter.question", "pk": 90}, {"fields": {"department": 3}, "model": "callcenter.question", "pk": 91}, {"fields": {"department": 3}, "model": "callcenter.question", "pk": 92}, {"fields": {"department": 3}, "model": "callcenter.question", "pk": 93}, {"fields": {"department": 3}, "model": "callcenter.question", "pk": 94}, {"fields": {"department": 3}, "model": "callcenter.question", "pk": 95}, {"fields": {"department": 3}, "model": "callcenter.question", "pk": 96}, {"fields": {"department": 3}, "model": "callcenter.question", "pk": 97}, {"fields": {"department": 3}, "model": "callcenter.question", "pk": 98}, {"fields": {"department": 7}, "model": "callcenter.question", "pk": 99}, {"fields": {"department": 7}, "model": "callcenter.question", "pk": 100}, {"fields": {"department": 7}, "model": "callcenter.question", "pk": 101}, {"fields": {"department": 7}, "model": "callcenter.question", "pk": 102}, {"fields": {"department": 7}, "model": "callcenter.question", "pk": 103}, {"fields": {"department": 7}, "model": "callcenter.question", "pk": 104}, {"fields": {"department": 7}, "model": "callcenter.question", "pk": 105}, {"fields": {"department": 7}, "model": "callcenter.question", "pk": 106}, {"fields": {"department": 7}, "model": "callcenter.question", "pk": 107}, {"fields": {"department": 7}, "model": "callcenter.question", "pk": 108}, {"fields": {"department": 7}, "model": "callcenter.question", "pk": 109}, {"fields": {"department": 7}, "model": "callcenter.question", "pk": 110}, {"fields": {"department": 7}, "model": "callcenter.question", "pk": 111}, {"fields": {"department": 7}, "model": "callcenter.question", "pk": 112}, {"fields": {"department": 7}, "model": "callcenter.question", "pk": 113}, {"fields": {"department": 7}, "model": "callcenter.question", "pk": 114}, {"fields": {"department": 7}, "model": "callcenter.question", "pk": 115}, {"fields": {"department": 7}, "model": "callcenter.question", "pk": 116}, {"fields": {"department": 7}, "model": "callcenter.question", "pk": 117}, {"fields": {"department": 7}, "model": "callcenter.question", "pk": 118}, {"fields": {"department": 7}, "model": "callcenter.question", "pk": 119}, {"fields": {"department": 7}, "model": "callcenter.question", "pk": 120}, {"fields": {"department": 7}, "model": "callcenter.question", "pk": 121}, {"fields": {"department": 7}, "model": "callcenter.question", "pk": 122}, {"fields": {"department": 7}, "model": "callcenter.question", "pk": 123}, {"fields": {"department": 2}, "model": "callcenter.question", "pk": 124}, {"fields": {"department": 2}, "model": "callcenter.question", "pk": 125}, {"fields": {"department": 2}, "model": "callcenter.question", "pk": 126}, {"fields": {"department": 2}, "model": "callcenter.question", "pk": 127}, {"fields": {"department": 2}, "model": "callcenter.question", "pk": 128}, {"fields": {"department": 2}, "model": "callcenter.question", "pk": 129}, {"fields": {"department": 2}, "model": "callcenter.question", "pk": 130}, {"fields": {"department": 2}, "model": "callcenter.question", "pk": 131}, {"fields": {"department": 2}, "model": "callcenter.question", "pk": 132}, {"fields": {"department": 2}, "model": "callcenter.question", "pk": 133}, {"fields": {"department": 2}, "model": "callcenter.question", "pk": 134}, {"fields": {"department": 2}, "model": "callcenter.question", "pk": 135}, {"fields": {"department": 2}, "model": "callcenter.question", "pk": 136}, {"fields": {"department": 2}, "model": "callcenter.question", "pk": 137}, {"fields": {"department": 2}, "model": "callcenter.question", "pk": 138}, {"fields": {"department": 2}, "model": "callcenter.question", "pk": 139}, {"fields": {"department": 2}, "model": "callcenter.question", "pk": 140}, {"fields": {"department": 2}, "model": "callcenter.question", "pk": 141}, {"fields": {"department": 2}, "model": "callcenter.question", "pk": 142}, {"fields": {"department": 2}, "model": "callcenter.question", "pk": 143}, {"fields": {"department": 2}, "model": "callcenter.question", "pk": 144}, {"fields": {"department": 2}, "model": "callcenter.question", "pk": 145}, {"fields": {"department": 2}, "model": "callcenter.question", "pk": 146}, {"fields": {"department": 1}, "model": "callcenter.question", "pk": 147}, {"fields": {"department": 1}, "model": "callcenter.question", "pk": 148}, {"fields": {"department": 1}, "model": "callcenter.question", "pk": 149}, {"fields": {"department": 1}, "model": "callcenter.question", "pk": 150}, {"fields": {"department": 1}, "model": "callcenter.question", "pk": 151}, {"fields": {"department": 1}, "model": "callcenter.question", "pk": 152}, {"fields": {"department": 1}, "model": "callcenter.question", "pk": 153}, {"fields": {"department": 1}, "model": "callcenter.question", "pk": 154}, {"fields": {"department": 1}, "model": "callcenter.question", "pk": 155}, {"fields": {"department": 1}, "model": "callcenter.question", "pk": 156}, {"fields": {"department": 1}, "model": "callcenter.question", "pk": 157}, {"fields": {"department": 1}, "model": "callcenter.question", "pk": 158}, {"fields": {"department": 1}, "model": "callcenter.question", "pk": 159}, {"fields": {"department": 1}, "model": "callcenter.question", "pk": 160}, {"fields": {"department": 1}, "model": "callcenter.question", "pk": 161}, {"fields": {"department": 1}, "model": "callcenter.question", "pk": 162}, {"fields": {"department": 1}, "model": "callcenter.question", "pk": 163}, {"fields": {"department": 1}, "model": "callcenter.question", "pk": 164}, {"fields": {"department": 6}, "model": "callcenter.question", "pk": 165}, {"fields": {"department": 6}, "model": "callcenter.question", "pk": 166}, {"fields": {"department": 6}, "model": "callcenter.question", "pk": 167}, {"fields": {"department": 6}, "model": "callcenter.question", "pk": 168}, {"fields": {"department": 6}, "model": "callcenter.question", "pk": 169}, {"fields": {"department": 6}, "model": "callcenter.question", "pk": 170}, {"fields": {"department": 6}, "model": "callcenter.question", "pk": 171}, {"fields": {"department": 6}, "model": "callcenter.question", "pk": 172}, {"fields": {"department": 6}, "model": "callcenter.question", "pk": 173}, {"fields": {"department": 6}, "model": "callcenter.question", "pk": 174}, {"fields": {"department": 6}, "model": "callcenter.question", "pk": 175}, {"fields": {"department": 6}, "model": "callcenter.question", "pk": 176}, {"fields": {"department": 6}, "model": "callcenter.question", "pk": 177}, {"fields": {"department": 6}, "model": "callcenter.question", "pk": 178}, {"fields": {"department": 6}, "model": "callcenter.question", "pk": 179}, {"fields": {"department": 6}, "model": "callcenter.question", "pk": 180}, {"fields": {"department": 6}, "model": "callcenter.question", "pk": 181}, {"fields": {"department": 6}, "model": "callcenter.question", "pk": 182}, {"fields": {"department": 6}, "model": "callcenter.question", "pk": 183}, {"fields": {"department": 6}, "model": "callcenter.question", "pk": 184}, {"fields": {"department": 6}, "model": "callcenter.question", "pk": 185}, {"fields": {"department": 6}, "model": "callcenter.question", "pk": 186}, {"fields": {"department": 6}, "model": "callcenter.question", "pk": 187}, {"fields": {"text": "Hallo, Anton Fl\u00fcckiger. Ich erinnere mich nicht mehr, wie viele Ferientage ich dieses Jahr noch habe. K\u00f6nnen Sie mir weiterhelfen?", "question": 17, "language": "de", "audio_file": "17-de.mp3"}, "model": "callcenter.translation", "pk": 1}, {"fields": {"text": "Hallo, Stefane Gigax, ich arbeite im Marketing und bin heute krank. K\u00f6nnten Sie bitte diese Information weiterleiten?", "question": 18, "language": "de", "audio_file": "18-de.mp3"}, "model": "callcenter.translation", "pk": 2}, {"fields": {"text": "Hallo, Felix Schneider am Apparat. An wen muss ich mein Bewerbungsdossier senden?", "question": 19, "language": "de", "audio_file": "19-de.mp3"}, "model": "callcenter.translation", "pk": 3}, {"fields": {"text": "Guten Tag, ich heisse Jean Ducommun und habe soeben mein Studium abgeschlossen. Ich m\u00f6chte gerne wissen, ob Sie einen Arbeitsplatz in der Finanzabteilung haben?", "question": 20, "language": "de", "audio_file": "20-de.mp3"}, "model": "callcenter.translation", "pk": 4}, {"fields": {"text": "Guten Tag, Rita Gross am Apparat. Ich h\u00e4tte eine Frage. Ich m\u00f6chte mehr wissen, \u00fcber die Stelle, die Sie ausgeschrieben haben. An wen kann ich mich wenden?", "question": 21, "language": "de", "audio_file": "21-de.mp3"}, "model": "callcenter.translation", "pk": 5}, {"fields": {"text": "Guten Tag, ich m\u00f6chte ein Bachelorstudium beginnen. \u00dcbernehmen Sie einen Teil der Ausbildungskosten?", "question": 22, "language": "de", "audio_file": "22-de.mp3"}, "model": "callcenter.translation", "pk": 6}, {"fields": {"text": "Guten Tag, ich bin Daniela Praz. Ich arbeite im Verkauf und bin schwanger. Wie geht es administrativ weiter?", "question": 23, "language": "de", "audio_file": "23-de.mp3"}, "model": "callcenter.translation", "pk": 7}, {"fields": {"text": "Hier Albert Sachs. Ich m\u00f6chte mich in Ihrem Unternehmen bewerben. K\u00f6nnen Sie mich bitte weiterleiten?", "question": 24, "language": "de", "audio_file": "24-de.mp3"}, "model": "callcenter.translation", "pk": 8}, {"fields": {"text": "Hallo, ich bin eine Studentin und ich m\u00f6chte ein Praktikum in Ihrem Unternehmen machen. An wen kann ich mich wenden?", "question": 25, "language": "de", "audio_file": "25-de.mp3"}, "model": "callcenter.translation", "pk": 9}, {"fields": {"text": "Guten Tag, Hugentobler am Apparat. Ich habe f\u00fcr Ihre Firma 10 Jahre gearbeitet. Ich warte seit drei Monaten auf mein Arbeitszeugnis.", "question": 26, "language": "de", "audio_file": "26-de.mp3"}, "model": "callcenter.translation", "pk": 10}, {"fields": {"text": "Guten Tag, ich suche eine Arbeit. K\u00f6nnen Sie mich mit der richtigen Abteilung verbinden?", "question": 27, "language": "de", "audio_file": "27-de.mp3"}, "model": "callcenter.translation", "pk": 11}, {"fields": {"text": "Guten Tag, Karl Heinz von Marketing. Kann ich in Ihrem Unternehmen ein Sabbatical beantragen?", "question": 28, "language": "de", "audio_file": "28-de.mp3"}, "model": "callcenter.translation", "pk": 12}, {"fields": {"text": "Guten Tag, Anna Seiler am Apparat. Wie hoch ist der Mindestlohn in Ihrem Unternehmen?", "question": 29, "language": "de", "audio_file": "29-de.mp3"}, "model": "callcenter.translation", "pk": 13}, {"fields": {"text": "Guten Tag, ich bin Susi Weber vom Marketing. Ich besuche demn\u00e4chst einen Deutschkurs in Berlin. W\u00fcrde sich die Firma finanziell daran beteiligen?", "question": 30, "language": "de", "audio_file": "30-de.mp3"}, "model": "callcenter.translation", "pk": 14}, {"fields": {"text": "Hallo, ich bin Morgane Hasslich und ich m\u00f6chte wissen welche Berufserfahrung braucht man f\u00fcr diesen Job?", "question": 31, "language": "de", "audio_file": "31-de.mp3"}, "model": "callcenter.translation", "pk": 15}, {"fields": {"text": "Hallo, Petra Scoobi von Finanzen. In unserer Abteilung gibt es Mobbing. W\u00e4re es m\u00f6glich mit einer neutralen Person dar\u00fcber zu sprechen?", "question": 33, "language": "de", "audio_file": "33-de.mp3"}, "model": "callcenter.translation", "pk": 16}, {"fields": {"text": "Guten Tag, Claudia Spitzweg am Apparat. Ich m\u00f6chte ein Zwischenzeugnis. Wer kann mir das ausstellen?", "question": 34, "language": "de", "audio_file": "34-de.mp3"}, "model": "callcenter.translation", "pk": 17}, {"fields": {"text": "Guten Tag, ich suche einen Ferienjob. Haben Sie etwas?", "question": 36, "language": "de", "audio_file": "36-de.mp3"}, "model": "callcenter.translation", "pk": 18}, {"fields": {"text": "Hallo, Sabine Franzen am Apparat. Mein Vorgesetzter hat keine Zeit f\u00fcr mein Qualifikationsgespr\u00e4ch gefunden. Was muss ich machen?", "question": 38, "language": "de", "audio_file": "38-de.mp3"}, "model": "callcenter.translation", "pk": 19}, {"fields": {"text": "Hallo, Kurt Schwarzer am Apparat. Mein Aufgabenbereich wurde ge\u00e4ndert. Ich denke, dass wir \u00fcber eine eventuelle Lohnerh\u00f6hung diskutieren k\u00f6nnten.", "question": 39, "language": "de", "audio_file": "39-de.mp3"}, "model": "callcenter.translation", "pk": 20}, {"fields": {"text": "Hallo Katia Staub am Apparat. Welche M\u00f6glichkeit habe ich, wenn ich mich weiterbilden m\u00f6chte?", "question": 40, "language": "de", "audio_file": "40-de.mp3"}, "model": "callcenter.translation", "pk": 21}, {"fields": {"text": "Guten Tag, Guy Edouard am Apparat. Wie viele Kandidaturen haben Sie bis jetzt f\u00fcr die ausgeschriebene Stelle erhalten?", "question": 41, "language": "de", "audio_file": "41-de.mp3"}, "model": "callcenter.translation", "pk": 22}, {"fields": {"text": "Guten Tag, Monika Stein. Ich habe einen Kaufvertrag mit Ihrer Firma unterschrieben und m\u00f6chte mich zur\u00fcckziehen. Wie kann ich den Kauf mit Ihrer Firma annullieren?", "question": 57, "language": "de", "audio_file": "57-de.mp3"}, "model": "callcenter.translation", "pk": 23}, {"fields": {"text": "Guten Tag, mein Name ist Johannes Zweifel. Ich wohne in der N\u00e4he Ihrer Fabrik, die viel L\u00e4rm und Gestank macht. Seit Wochen leben wir nur mit geschlossenen Fenstern. K\u00f6nnen Sie mich mit jemandem verbinden?", "question": 58, "language": "de", "audio_file": "58-de.mp3"}, "model": "callcenter.translation", "pk": 24}, {"fields": {"text": "Guten Tag, Firma Starrag Luzern. Wir m\u00f6chten unseren Liefervertrag, der Ende Jahr abl\u00e4uft, verl\u00e4ngern. K\u00f6nnen Sie uns mit der zust\u00e4ndigen Abteilung verbinden?", "question": 59, "language": "de", "audio_file": "59-de.mp3"}, "model": "callcenter.translation", "pk": 25}, {"fields": {"text": "Guten Tag, mein Name ist Thomas Schmidt \u2013 mit dt -  und ich arbeite f\u00fcr DHL, ihren neuen Kurierdienst. Ich habe mehrere Klauseln von unserem Vertrag nicht verstanden. K\u00f6nnten Sie mir diese bitte erkl\u00e4ren?", "question": 60, "language": "de", "audio_file": "60-de.mp3"}, "model": "callcenter.translation", "pk": 26}, {"fields": {"text": "Guten Tag, Sandra M\u00fcller. Ich arbeite f\u00fcr Tech AG und wir wollen ein neues Produkt auf den Markt bringen. Ist es m\u00f6glich, zu wissen, ob dieses Produkt schon patentiert ist.", "question": 61, "language": "de", "audio_file": "61-de.mp3"}, "model": "callcenter.translation", "pk": 27}, {"fields": {"text": "Sven Fuhrer. K\u00f6nnen Sie mir bitte dar\u00fcber Auskunft geben, wann das Patent f\u00fcr den eingetragenen Artikel X28 abl\u00e4uft?", "question": 62, "language": "de", "audio_file": "62-de.mp3"}, "model": "callcenter.translation", "pk": 28}, {"fields": {"text": "Guten Tag, mein Name ist Urs Klinger und ich habe ein Problem. Mein Lieferant hat mir besch\u00e4digtes Material geliefert. K\u00f6nnen Sie mir helfen?", "question": 63, "language": "de", "audio_file": "63-de.mp3"}, "model": "callcenter.translation", "pk": 29}, {"fields": {"text": "Hallo, Ulrich Kampf von der Gewerkschaft UNIA. Ich habe erfahren, dass gewisse Abmachungen unseres GAVs nicht eingehalten werden. K\u00f6nnte ich mit dem Verantwortlichen sprechen?", "question": 64, "language": "de", "audio_file": "64-de.mp3"}, "model": "callcenter.translation", "pk": 30}, {"fields": {"text": "Guten Morgen, ELF am Apparat. Unser Lieferantenvertrag l\u00e4uft Ende Monat ab. Wir sind bereit, unsere Partnerschaft weiterzuf\u00fchren, aber mit neuen Bedingungen.", "question": 66, "language": "de", "audio_file": "66-de.mp3"}, "model": "callcenter.translation", "pk": 31}, {"fields": {"text": "Hallo, Petra Ulrich aus der Marketingabteilung. Ich habe eine Frage. Einer meiner Kunden weigert sich unsere Rechnung zu bezahlen. Was kann ich machen?", "question": 67, "language": "de", "audio_file": "67-de.mp3"}, "model": "callcenter.translation", "pk": 32}, {"fields": {"text": "Hier, Norbert Schmutz vom Verkauf. Wir haben einen Kundenauftrag nicht rechtm\u00e4ssig durchgef\u00fchrt und der Kunde erhebt jetzt Anspruch auf Schadenersatz. Wie m\u00fcssen wir vorgehen ?", "question": 68, "language": "de", "audio_file": "68-de.mp3"}, "model": "callcenter.translation", "pk": 33}, {"fields": {"text": "Hallo, Luc Courvoisier am Telefon. Ich wollte mich nach meinem Auftrag erkundigen, den ich Ihnen vor drei Wochen erteilt habe. Wann wird die Bestellung ausgef\u00fchrt?", "question": 78, "language": "de", "audio_file": "78-de.mp3"}, "model": "callcenter.translation", "pk": 34}, {"fields": {"text": "Guten Tag, Ana Onym am Apparat. Ich habe die vor 10 Tagen bestellten Kleider noch nicht bekommen. In den Lieferbedingungen stand aber 7 Tage. Und ich brauche die dringend. Was ist los?", "question": 79, "language": "de", "audio_file": "79-de.mp3"}, "model": "callcenter.translation", "pk": 35}, {"fields": {"text": "Guten Tag, ich arbeite bei der Firma \u201eCarma AG\u201c. Meine Kundennummer ist 23956 und ich habe meine bestellte Ware noch nicht erhalten. Kann ich Informationen haben?", "question": 80, "language": "de", "audio_file": "80-de.mp3"}, "model": "callcenter.translation", "pk": 36}, {"fields": {"text": "Gr\u00fcssgott, ich bin Ulrich Brindenwald von Uster Maschinen AG. Wir haben Ihre Ware erhalten. Leider fehlt ein Teil der Bestellung. K\u00f6nnen Sie mich mit der zust\u00e4ndigen Abteilung verbinden?", "question": 81, "language": "de", "audio_file": "81-de.mp3"}, "model": "callcenter.translation", "pk": 37}, {"fields": {"text": "Guten Tag, wir haben Ihre Werbeplakate gedruckt. Wohin m\u00fcssen wir diese liefern?", "question": 82, "language": "de", "audio_file": "82-de.mp3"}, "model": "callcenter.translation", "pk": 38}, {"fields": {"text": "Guten Tag, ich habe einen Computer bestellt. Das war vor zirka drei Wochen und ich habe ihn noch nicht erhalten.", "question": 83, "language": "de", "audio_file": "83-de.mp3"}, "model": "callcenter.translation", "pk": 39}, {"fields": {"text": "Guten Tag, ich habe den neusten MP3-Player bei Ihnen gekauft, aber er funktioniert nicht richtig beim Einschalten. An wen soll ich mich wenden?", "question": 84, "language": "de", "audio_file": "84-de.mp3"}, "model": "callcenter.translation", "pk": 40}, {"fields": {"text": "Hallo, Sie haben uns eine Ware gesendet, aber sie ist beim Transport besch\u00e4digt worden. K\u00f6nnen Sie mir weiterhelfen?", "question": 85, "language": "de", "audio_file": "85-de.mp3"}, "model": "callcenter.translation", "pk": 41}, {"fields": {"text": "Hallo, Fanny Findus am Apparat. Vor zwei Jahren habe ich einen Staubsauger gekauft. Jetzt funktioniert er nicht mehr. Ist die Garantie noch g\u00fcltig?", "question": 86, "language": "de", "audio_file": "86-de.mp3"}, "model": "callcenter.translation", "pk": 42}, {"fields": {"text": "Guten Tag, wir sind vom Bundesamt f\u00fcr Statistik und machen eine Umfrage \u00fcber Werbekampagnen. Was f\u00fcr Werbekan\u00e4le benutzt Ihre Firma?", "question": 87, "language": "de", "audio_file": "87-de.mp3"}, "model": "callcenter.translation", "pk": 43}, {"fields": {"text": "Guten Tag, Stauffer von Publicitas. F\u00fchren Sie dieses Jahr Ihre Sommer-Werbekampagne f\u00fcr die Jugend wieder durch?", "question": 88, "language": "de", "audio_file": "88-de.mp3"}, "model": "callcenter.translation", "pk": 44}, {"fields": {"text": "Hier der Turnverein Unter\u00e4schenbach. Ich m\u00f6chte eine Sponsoringanfrage machen.", "question": 91, "language": "de", "audio_file": "91-de.mp3"}, "model": "callcenter.translation", "pk": 45}, {"fields": {"text": "Guten Tag, Sie wollten uns gestern zur\u00fcckrufen. Wir warten noch immer auf die Angaben betreffend Preise und Lieferfristen.", "question": 93, "language": "de", "audio_file": "93-de.mp3"}, "model": "callcenter.translation", "pk": 46}, {"fields": {"text": "Hallo. Peter Felber \u201eFast Print\u201c GmbH. Es fehlt uns das von Ihnen gew\u00fcnschte Format f\u00fcr Ihre Werbe-Plakate.", "question": 94, "language": "de", "audio_file": "94-de.mp3"}, "model": "callcenter.translation", "pk": 47}, {"fields": {"text": "Guten Tag, Sophie Lacroix von der Firma Bamako AG. Kann ich bei Ihnen 6 m von ETG telefonisch bestellen?", "question": 95, "language": "de", "audio_file": "95-de.mp3"}, "model": "callcenter.translation", "pk": 48}, {"fields": {"text": "Guten Tag, wir haben Produkte von Ihnen bekommen, die wir aber nicht bestellt haben. K\u00f6nnen Sie mir helfen?", "question": 96, "language": "de", "audio_file": "96-de.mp3"}, "model": "callcenter.translation", "pk": 49}, {"fields": {"text": "Guten Tag, Henri Ford am Apparat. N\u00e4chste Woche stellen wir die Ergebnisse der Marktstudie vor. Es fehlt uns noch die Analyse der Zielgruppe. Wir brauchen sie dringend, sp\u00e4testens bis Freitag.", "question": 97, "language": "de", "audio_file": "97-de.mp3"}, "model": "callcenter.translation", "pk": 50}, {"fields": {"text": "Hallo, ich bin Angela Ohner. Welche Werbemittel sollen wir einsetzen, um unseren Gewinn zu erh\u00f6hen?", "question": 98, "language": "de", "audio_file": "98-de.mp3"}, "model": "callcenter.translation", "pk": 51}, {"fields": {"text": "Guten Tag, Elodie Weiss. Ich habe ein Problem mit meinem neuen Drucker im B\u00fcro 157. Er funktioniert nicht. K\u00f6nnen Sie jemanden vorbeischicken?", "question": 114, "language": "de", "audio_file": "114-de.mp3"}, "model": "callcenter.translation", "pk": 52}, {"fields": {"text": "Guten Tag, meinen Computer kann ich seit dem Update nicht mehr hochfahren. K\u00f6nnen Sie mir helfen?", "question": 115, "language": "de", "audio_file": "115-de.mp3"}, "model": "callcenter.translation", "pk": 53}, {"fields": {"text": "Hallo, Julia Kurth von Marketing. Ich war vor zwei Wochen in Urlaub. Nun hab ich 300 Mails und kann meinen Posteingang nicht mehr \u00f6ffnen. K\u00f6nnen Sie mir helfen?", "question": 116, "language": "de", "audio_file": "116-de.mp3"}, "model": "callcenter.translation", "pk": 54}, {"fields": {"text": "Guten Tag, k\u00f6nnen Sie mir helfen? Ich bin blockiert, ich kann mein Passwort nicht eingeben.", "question": 117, "language": "de", "audio_file": "117-de.mp3"}, "model": "callcenter.translation", "pk": 55}, {"fields": {"text": "Guten Tag, Samuel Jackson am Apparat. Welches Programm kann ich benutzen, um eine Firmenpr\u00e4sentation zu machen?", "question": 119, "language": "de", "audio_file": "119-de.mp3"}, "model": "callcenter.translation", "pk": 56}, {"fields": {"text": "Hallo, Johnny Paradise am Apparat. Welches Antivirus-Programm darf ich auf meinem Computer installieren?", "question": 120, "language": "de", "audio_file": "120-de.mp3"}, "model": "callcenter.translation", "pk": 57}, {"fields": {"text": "Marius Gerber am Apparat. Ich kann die Lautsprecher im Sitzungszimmer nicht einstellen. K\u00f6nnen Sie jemanden vorbeischicken?", "question": 121, "language": "de", "audio_file": "121-de.mp3"}, "model": "callcenter.translation", "pk": 58}, {"fields": {"text": "Guten Tag, ich bin Experte f\u00fcr Datenschutz. Wir schlagen Ihnen eine \u00dcberpr\u00fcfung Ihres Sicherheitssystems vor. W\u00e4ren Sie daran interessiert?", "question": 123, "language": "de", "audio_file": "123-de.mp3"}, "model": "callcenter.translation", "pk": 59}, {"fields": {"text": "Guten Tag. Hier das B\u00fcro f\u00fcr ISO-Zertifizierung am Apparat. Wir wollen n\u00e4chsten Montag Ihre Produktionsst\u00e4tte kontrollieren.", "question": 141, "language": "de", "audio_file": "141-de.mp3"}, "model": "callcenter.translation", "pk": 60}, {"fields": {"text": "Wir haben eine d\u00fcnnere Verpackung f\u00fcr Ihre Schokolade entwickelt, die wir gern bei Ihnen testen m\u00f6chten. K\u00f6nnten Sie uns mit dem zust\u00e4ndigen Verantwortlichen verbinden?", "question": 142, "language": "de", "audio_file": "142-de.mp3"}, "model": "callcenter.translation", "pk": 61}, {"fields": {"text": "Guten Tag, Xavier Talisman, Firma Takeda. Ich m\u00f6chte wissen, wie viele St\u00fccke vom Artikel drei null eins Sie noch am Lager haben?", "question": 143, "language": "de", "audio_file": "143-de.mp3"}, "model": "callcenter.translation", "pk": 62}, {"fields": {"text": "Eine D\u00fcse an unserem Einf\u00fcllger\u00e4t ist verstopft. Wir brauchen dringend einen Monteur. K\u00f6nnen Sie uns rasch einen Monteur schicken?", "question": 144, "language": "de", "audio_file": "144-de.mp3"}, "model": "callcenter.translation", "pk": 63}, {"fields": {"text": "Der Probelauf f\u00fcr die neue Produktionshalle ist f\u00fcr n\u00e4chsten Montag vorgesehen. K\u00f6nnten Sie bitte die Verantwortlichen dar\u00fcber informieren.", "question": 145, "language": "de", "audio_file": "145-de.mp3"}, "model": "callcenter.translation", "pk": 64}, {"fields": {"text": "Wir m\u00fcssen die Produktionskette optimieren. K\u00f6nnen Sie mich mit dem zust\u00e4ndigen Sachbearbeiter verbinden?", "question": 146, "language": "de", "audio_file": "146-de.mp3"}, "model": "callcenter.translation", "pk": 65}, {"fields": {"text": "Die Rohstoffpreise sind wieder angestiegen. K\u00f6nnten wir einen Partner finden, um Einsparungen zu machen?", "question": 157, "language": "de", "audio_file": "157-de.mp3"}, "model": "callcenter.translation", "pk": 66}, {"fields": {"text": "Guten Tag, Zulieferer Hartmann am Apparat. Wann k\u00f6nnten wir Sie sp\u00e4testens beliefern?", "question": 158, "language": "de", "audio_file": "158-de.mp3"}, "model": "callcenter.translation", "pk": 67}, {"fields": {"text": "Wir haben eine Bestellung \u00fcber zig Tonnen Material erhalten. Wegen der \u00fcberdurchschnittlich grossen Menge m\u00f6chten wir uns vergewissern, wie gross eigentlich Ihre Lagerkapazit\u00e4t ist?", "question": 159, "language": "de", "audio_file": "159-de.mp3"}, "model": "callcenter.translation", "pk": 68}, {"fields": {"text": "Guten Tag, Warteck AG. Sie haben 10\u2018000 Flaschen Bier f\u00fcrs Paleo bestellt. Haben Sie gen\u00fcgend K\u00fchlr\u00e4ume zur Verf\u00fcgung?", "question": 160, "language": "de", "audio_file": "160-de.mp3"}, "model": "callcenter.translation", "pk": 69}, {"fields": {"text": "Guten Tag, Firma FELCO. Sie haben bei uns den Artikel Nr. 03101 bestellt. Ungl\u00fccklicherweise ist dieser Artikel nicht vor einer Woche verf\u00fcgbar. K\u00f6nnen Sie so lange warten?", "question": 161, "language": "de", "audio_file": "161-de.mp3"}, "model": "callcenter.translation", "pk": 70}, {"fields": {"text": "Guten Tag, Zulieferer ABC am Apparat. Wir haben ein Problem mit Ihrer Lieferfrist. Sie ist viel zu kurz. Wir m\u00fcssten eine neue vereinbaren.", "question": 162, "language": "de", "audio_file": "162-de.mp3"}, "model": "callcenter.translation", "pk": 71}, {"fields": {"text": "Hallo Peter, ich m\u00f6chte gern wissen, wie hoch der Lagerbestand ist, um fr\u00fchzeitig nachzubestellen.", "question": 163, "language": "de", "audio_file": "163-de.mp3"}, "model": "callcenter.translation", "pk": 72}, {"fields": {"text": "Hallo Robert, in der Produktion haben wir zu wenig Ersatzteile auf Lager. Wir brauchen dringend einen neuen Zulieferer. Kannst du das bitte abkl\u00e4ren?", "question": 164, "language": "de", "audio_file": "164-de.mp3"}, "model": "callcenter.translation", "pk": 73}, {"fields": {"text": "Guten Tag, Firma Schocko. Ich rufe an, weil ich noch eine Mahnung bekommen habe. Wen darf ich sprechen?", "question": 176, "language": "de", "audio_file": "176-de.mp3"}, "model": "callcenter.translation", "pk": 74}, {"fields": {"text": "Guten Tag, hier Hans-J\u00f6rg M\u00fcller Generaldirektion. Ich h\u00e4tte gern den aktuellen Cashflowbetrag f\u00fcr die n\u00e4chste Vorstandssitzung.", "question": 177, "language": "de", "audio_file": "177-de.mp3"}, "model": "callcenter.translation", "pk": 75}, {"fields": {"text": "Guten Morgen, in Ihrer letzten Rechnung haben Sie einen Mehrwertsteuersatz von 8% statt 7,6% berechnet. Gibt es eine Erkl\u00e4rung daf\u00fcr?", "question": 179, "language": "de", "audio_file": "179-de.mp3"}, "model": "callcenter.translation", "pk": 76}, {"fields": {"text": "Guten Tag, Kaiser Firma GWC am Apparat. Ich habe eine Frage wegen dem Preis einer Maschine, die wir vor drei Jahren gekauft haben. Leider haben wir den Rechnungsbeleg verloren.", "question": 180, "language": "de", "audio_file": "180-de.mp3"}, "model": "callcenter.translation", "pk": 77}, {"fields": {"text": "Guten Tag, wie haben Sie den Verkaufspreis des neusten Modells bestimmt?", "question": 181, "language": "de", "audio_file": "181-de.mp3"}, "model": "callcenter.translation", "pk": 78}, {"fields": {"text": "Guten Tag, ich heisse Helga Rut und ich habe meinen Einzahlungsschein verloren. Wie kann ich meine Rechnung bezahlen?", "question": 182, "language": "de", "audio_file": "182-de.mp3"}, "model": "callcenter.translation", "pk": 79}, {"fields": {"text": "Guten Tag, ich bin Rebekka Stolz Firma UVW. Ihre Rechnung Nummer 4536 vom 6.M\u00e4rz 2015 ist noch offen. Wissen Sie, wann sie bezahlt wird? ", "question": 185, "language": "de", "audio_file": "185-de.mp3"}, "model": "callcenter.translation", "pk": 80}, {"fields": {"text": "Volksbank, Anita Steiner am Apparat. Sie haben Ihr Kontokorrent-Konto \u00fcberzogen. Was ist los?", "question": 186, "language": "de", "audio_file": "186-de.mp3"}, "model": "callcenter.translation", "pk": 81}, {"fields": {"text": "Hallo Marc, wir brauchen dringend eine neue Maschine in der Produktion. Ist im diesj\u00e4hrigen Budget daf\u00fcr etwas eingeplant?", "question": 187, "language": "de", "audio_file": "187-de.mp3"}, "model": "callcenter.translation", "pk": 82}, {"fields": {"text": "What are the required skills we need to work in your company\u00a0?", "question": 2, "language": "en", "audio_file": "2-en.mp3"}, "model": "callcenter.translation", "pk": 83}, {"fields": {"text": "I\u2019m interested in taking a six month sabbatical- how exactly would this work\u00a0?", "question": 3, "language": "en", "audio_file": "3-en.mp3"}, "model": "callcenter.translation", "pk": 84}, {"fields": {"text": "I\u2019d like more information about on-going training courses.", "question": 4, "language": "en", "audio_file": "4-en.mp3"}, "model": "callcenter.translation", "pk": 85}, {"fields": {"text": "What type of training course should I do if I\u2019m interested in promotion\u00a0?", "question": 6, "language": "en", "audio_file": "6-en.mp3"}, "model": "callcenter.translation", "pk": 86}, {"fields": {"text": "I\u2019d like to know what kind of benefits we have in this job\u00a0?", "question": 7, "language": "en", "audio_file": "7-en.mp3"}, "model": "callcenter.translation", "pk": 87}, {"fields": {"text": "I\u2019ve seen an ad in the newspaper about a job vacancy and I would like to get more information.", "question": 8, "language": "en", "audio_file": "8-en.mp3"}, "model": "callcenter.translation", "pk": 88}, {"fields": {"text": "I\u2019m pregnant and I\u2019d like to discuss my replacement with the head of department.", "question": 9, "language": "en", "audio_file": "9-en.mp3"}, "model": "callcenter.translation", "pk": 89}, {"fields": {"text": "Could I have an intermediate job certificate please\u00a0?", "question": 10, "language": "en", "audio_file": "10-en.mp3"}, "model": "callcenter.translation", "pk": 90}, {"fields": {"text": "I\u2019ve forgotten my badge, could you clock me in please\u00a0?", "question": 11, "language": "en", "audio_file": "11-en.mp3"}, "model": "callcenter.translation", "pk": 91}, {"fields": {"text": "I have a question concerning my contract, could you help me please\u00a0?", "question": 12, "language": "en", "audio_file": "12-en.mp3"}, "model": "callcenter.translation", "pk": 92}, {"fields": {"text": "I don\u2019t know if you can help me, but I haven\u2019t received my wages this month.", "question": 13, "language": "en", "audio_file": "13-en.mp3"}, "model": "callcenter.translation", "pk": 93}, {"fields": {"text": "What is the process for obtaining patents on our new SGX60\u00a0?", "question": 42, "language": "en", "audio_file": "42-en.mp3"}, "model": "callcenter.translation", "pk": 94}, {"fields": {"text": "Is it possible amend contract terms\u00a0?", "question": 43, "language": "en", "audio_file": "43-en.mp3"}, "model": "callcenter.translation", "pk": 95}, {"fields": {"text": "One of our employees is a border worker, are there special contract conditions\u00a0?", "question": 44, "language": "en", "audio_file": "44-en.mp3"}, "model": "callcenter.translation", "pk": 96}, {"fields": {"text": "Do we need to adopt the laws of a country if we relocate there\u00a0?", "question": 45, "language": "en", "audio_file": "45-en.mp3"}, "model": "callcenter.translation", "pk": 97}, {"fields": {"text": "I\u2019d like to speak to the union representative please.", "question": 46, "language": "en", "audio_file": "46-en.mp3"}, "model": "callcenter.translation", "pk": 98}, {"fields": {"text": "We would like to extend our contract with your company.", "question": 47, "language": "en", "audio_file": "47-en.mp3"}, "model": "callcenter.translation", "pk": 99}, {"fields": {"text": "What are the measures that need to be taken for debt collection\u00a0?", "question": 48, "language": "en", "audio_file": "48-en.mp3"}, "model": "callcenter.translation", "pk": 100}, {"fields": {"text": "What are the conditions if we would like to extend our premises\u00a0?", "question": 49, "language": "en", "audio_file": "49-en.mp3"}, "model": "callcenter.translation", "pk": 101}, {"fields": {"text": "What can the trade union do if an employee does not respect their contract\u00a0?", "question": 50, "language": "en", "audio_file": "50-en.mp3"}, "model": "callcenter.translation", "pk": 102}, {"fields": {"text": "What procedure should I follow for unfair dismissal\u00a0?", "question": 51, "language": "en", "audio_file": "51-en.mp3"}, "model": "callcenter.translation", "pk": 103}, {"fields": {"text": "What percentage of discount do you offer for economies of scale\u00a0?", "question": 52, "language": "en", "audio_file": "52-en.mp3"}, "model": "callcenter.translation", "pk": 104}, {"fields": {"text": "How do we sue a supplier\u00a0?", "question": 53, "language": "en", "audio_file": "53-en.mp3"}, "model": "callcenter.translation", "pk": 105}, {"fields": {"text": "How many tonnes of raw materials are ordered each month\u00a0?", "question": 69, "language": "en", "audio_file": "69-en.mp3"}, "model": "callcenter.translation", "pk": 106}, {"fields": {"text": "What is the tracking number of my order\u00a0?", "question": 70, "language": "en", "audio_file": "70-en.mp3"}, "model": "callcenter.translation", "pk": 107}, {"fields": {"text": "Do you know what the next advertising campaign will be and when it will start\u00a0?", "question": 71, "language": "en", "audio_file": "71-en.mp3"}, "model": "callcenter.translation", "pk": 108}, {"fields": {"text": "When do we do the next marketing survey\u00a0?", "question": 72, "language": "en", "audio_file": "72-en.mp3"}, "model": "callcenter.translation", "pk": 109}, {"fields": {"text": "Who are our main competitors\u00a0?", "question": 73, "language": "en", "audio_file": "73-en.mp3"}, "model": "callcenter.translation", "pk": 110}, {"fields": {"text": "When is the payment deadline\u00a0?", "question": 74, "language": "en", "audio_file": "74-en.mp3"}, "model": "callcenter.translation", "pk": 111}, {"fields": {"text": "What market segment are we aiming for and who are the target customers\u00a0?", "question": 75, "language": "en", "audio_file": "75-en.mp3"}, "model": "callcenter.translation", "pk": 112}, {"fields": {"text": "Are orders managed by an IT system ?", "question": 76, "language": "en", "audio_file": "76-en.mp3"}, "model": "callcenter.translation", "pk": 113}, {"fields": {"text": "What was the public feedback concerning our main competitor\u2019s ad campaign\u00a0?", "question": 77, "language": "en", "audio_file": "77-en.mp3"}, "model": "callcenter.translation", "pk": 114}, {"fields": {"text": "I have been experiencing difficulties while using your website.", "question": 99, "language": "en", "audio_file": "99-en.mp3"}, "model": "callcenter.translation", "pk": 115}, {"fields": {"text": "I have used QR code for your products however, there seems to be a bug in the system as I cannot find any prices.", "question": 100, "language": "en", "audio_file": "100-en.mp3"}, "model": "callcenter.translation", "pk": 116}, {"fields": {"text": "I\u2019ve blocked my account because I typed the wrong password, could you help me\u00a0?", "question": 101, "language": "en", "audio_file": "101-en.mp3"}, "model": "callcenter.translation", "pk": 117}, {"fields": {"text": "I don\u2019t know how to use the website order form.", "question": 102, "language": "en", "audio_file": "102-en.mp3"}, "model": "callcenter.translation", "pk": 118}, {"fields": {"text": "In case of problems do you troubleshoot\u00a0? If so do you do it on-site or remotely\u00a0?", "question": 103, "language": "en", "audio_file": "103-en.mp3"}, "model": "callcenter.translation", "pk": 119}, {"fields": {"text": "I have a problem with the accounting programme, could you help me\u00a0?", "question": 104, "language": "en", "audio_file": "104-en.mp3"}, "model": "callcenter.translation", "pk": 120}, {"fields": {"text": "I need a laptop for the next board meeting\u2026", "question": 105, "language": "en", "audio_file": "105-en.mp3"}, "model": "callcenter.translation", "pk": 121}, {"fields": {"text": "There is a pop-up concerning an update, what should I do\u00a0?", "question": 106, "language": "en", "audio_file": "106-en.mp3"}, "model": "callcenter.translation", "pk": 122}, {"fields": {"text": "I\u2019ve spilt my coffee on my keyboard and it doesn\u2019t work anymore.", "question": 107, "language": "en", "audio_file": "107-en.mp3"}, "model": "callcenter.translation", "pk": 123}, {"fields": {"text": "The network isn\u2019t working, is there a problem\u00a0?", "question": 108, "language": "en", "audio_file": "108-en.mp3"}, "model": "callcenter.translation", "pk": 124}, {"fields": {"text": "Could you explain the system\u2019s security please\u00a0?", "question": 111, "language": "en", "audio_file": "111-en.mp3"}, "model": "callcenter.translation", "pk": 125}, {"fields": {"text": "I think I\u2019ve been hacked, what can I do\u00a0?", "question": 112, "language": "en", "audio_file": "112-en.mp3"}, "model": "callcenter.translation", "pk": 126}, {"fields": {"text": "There\u2019s a bottleneck on my machine and I don\u2019t know what to do.", "question": 124, "language": "en", "audio_file": "124-en.mp3"}, "model": "callcenter.translation", "pk": 127}, {"fields": {"text": "Are you interested in subcontracting\u00a0?", "question": 125, "language": "en", "audio_file": "125-en.mp3"}, "model": "callcenter.translation", "pk": 128}, {"fields": {"text": "We need to study the option of sub-contracting because internal production costs are too high.", "question": 126, "language": "en", "audio_file": "126-en.mp3"}, "model": "callcenter.translation", "pk": 129}, {"fields": {"text": "I need some raw materials, are there still some in stock\u00a0?", "question": 127, "language": "en", "audio_file": "127-en.mp3"}, "model": "callcenter.translation", "pk": 130}, {"fields": {"text": "How many people work on this production line\u00a0?", "question": 128, "language": "en", "audio_file": "128-en.mp3"}, "model": "callcenter.translation", "pk": 131}, {"fields": {"text": "How much investment is made in improving quality\u00a0?", "question": 129, "language": "en", "audio_file": "129-en.mp3"}, "model": "callcenter.translation", "pk": 132}, {"fields": {"text": "Do you have any certification such as ISO\u00a0?", "question": 130, "language": "en", "audio_file": "130-en.mp3"}, "model": "callcenter.translation", "pk": 133}, {"fields": {"text": "Could we increase the speed of machine number 3\u00a0?", "question": 131, "language": "en", "audio_file": "131-en.mp3"}, "model": "callcenter.translation", "pk": 134}, {"fields": {"text": "How long does the whole process take\u00a0?", "question": 132, "language": "en", "audio_file": "132-en.mp3"}, "model": "callcenter.translation", "pk": 135}, {"fields": {"text": "On average, how long does a product stay in stock\u00a0?", "question": 133, "language": "en", "audio_file": "133-en.mp3"}, "model": "callcenter.translation", "pk": 136}, {"fields": {"text": "How high is the wastage of materials and are they recycled\u00a0?", "question": 134, "language": "en", "audio_file": "134-en.mp3"}, "model": "callcenter.translation", "pk": 137}, {"fields": {"text": "Do you guarantee fair-trade in your production process\u00a0?", "question": 135, "language": "en", "audio_file": "135-en.mp3"}, "model": "callcenter.translation", "pk": 138}, {"fields": {"text": "How much does it cost to stock products\u00a0?", "question": 147, "language": "en", "audio_file": "147-en.mp3"}, "model": "callcenter.translation", "pk": 139}, {"fields": {"text": "Do you have local, national or international suppliers\u00a0?", "question": 148, "language": "en", "audio_file": "148-en.mp3"}, "model": "callcenter.translation", "pk": 140}, {"fields": {"text": "What kind of IT tools are used for our suppliers\u2019 database\u00a0?", "question": 149, "language": "en", "audio_file": "149-en.mp3"}, "model": "callcenter.translation", "pk": 141}, {"fields": {"text": "How many different suppliers do we have\u00a0?", "question": 150, "language": "en", "audio_file": "150-en.mp3"}, "model": "callcenter.translation", "pk": 142}, {"fields": {"text": "What country do your raw materials come from\u00a0?", "question": 151, "language": "en", "audio_file": "151-en.mp3"}, "model": "callcenter.translation", "pk": 143}, {"fields": {"text": "We need to diversify our suppliers, what possibilities are there\u00a0?", "question": 152, "language": "en", "audio_file": "152-en.mp3"}, "model": "callcenter.translation", "pk": 144}, {"fields": {"text": "What are your payment conditions\u00a0?", "question": 153, "language": "en", "audio_file": "153-en.mp3"}, "model": "callcenter.translation", "pk": 145}, {"fields": {"text": "How do you choose your suppliers\u00a0?", "question": 154, "language": "en", "audio_file": "154-en.mp3"}, "model": "callcenter.translation", "pk": 146}, {"fields": {"text": "What is your supply chain strategy\u00a0?", "question": 155, "language": "en", "audio_file": "155-en.mp3"}, "model": "callcenter.translation", "pk": 147}, {"fields": {"text": "Shipping costs have recently changed, please could you give me more information.", "question": 156, "language": "en", "audio_file": "156-en.mp3"}, "model": "callcenter.translation", "pk": 148}, {"fields": {"text": "What margin percentage do we need\u00a0?", "question": 165, "language": "en", "audio_file": "165-en.mp3"}, "model": "callcenter.translation", "pk": 149}, {"fields": {"text": "What is the turnover so far this year\u00a0?", "question": 166, "language": "en", "audio_file": "166-en.mp3"}, "model": "callcenter.translation", "pk": 150}, {"fields": {"text": "Could you explain your benchmarking strategy\u00a0?", "question": 167, "language": "en", "audio_file": "167-en.mp3"}, "model": "callcenter.translation", "pk": 151}, {"fields": {"text": "What is the turnover forecast for this year\u00a0?", "question": 168, "language": "en", "audio_file": "168-en.mp3"}, "model": "callcenter.translation", "pk": 152}, {"fields": {"text": "Are you interested in our new accounting software\u00a0?", "question": 169, "language": "en", "audio_file": "169-en.mp3"}, "model": "callcenter.translation", "pk": 153}, {"fields": {"text": "How often does the auditing take place\u00a0?", "question": 170, "language": "en", "audio_file": "170-en.mp3"}, "model": "callcenter.translation", "pk": 154}, {"fields": {"text": "The recession has hit us hard therefore every department has to cut costs, we need to look at strategy\u2026", "question": 171, "language": "en", "audio_file": "171-en.mp3"}, "model": "callcenter.translation", "pk": 155}, {"fields": {"text": "Has the tax percentage been calculated\u00a0?", "question": 172, "language": "en", "audio_file": "172-en.mp3"}, "model": "callcenter.translation", "pk": 156}, {"fields": {"text": "How much is invested in IT\u00a0?", "question": 173, "language": "en", "audio_file": "173-en.mp3"}, "model": "callcenter.translation", "pk": 157}, {"fields": {"text": "There is a discrepancy in the closing.", "question": 174, "language": "en", "audio_file": "174-en.mp3"}, "model": "callcenter.translation", "pk": 158}, {"fields": {"text": "What is the company\u2019s IBAN\u00a0?", "question": 175, "language": "en", "audio_file": "175-en.mp3"}, "model": "callcenter.translation", "pk": 159}, {"fields": {"text": null, "question": 12, "language": "hr", "audio_file": "12-hr.mp3"}, "model": "callcenter.translation", "pk": 160}, {"fields": {"text": null, "question": 13, "language": "hr", "audio_file": "13-hr.mp3"}, "model": "callcenter.translation", "pk": 161}, {"fields": {"text": null, "question": 47, "language": "hr", "audio_file": "47-hr.mp3"}, "model": "callcenter.translation", "pk": 162}, {"fields": {"text": null, "question": 99, "language": "hr", "audio_file": "99-hr.mp3"}, "model": "callcenter.translation", "pk": 163}, {"fields": {"text": null, "question": 133, "language": "hr", "audio_file": "133-hr.mp3"}, "model": "callcenter.translation", "pk": 164}, {"fields": {"text": null, "question": 153, "language": "hr", "audio_file": "153-hr.mp3"}, "model": "callcenter.translation", "pk": 165}, {"fields": {"text": null, "question": 175, "language": "hr", "audio_file": "175-hr.mp3"}, "model": "callcenter.translation", "pk": 166}, {"fields": {"text": null, "question": 30, "language": "hr", "audio_file": "30-hr.mp3"}, "model": "callcenter.translation", "pk": 167}, {"fields": {"text": null, "question": 67, "language": "hr", "audio_file": "67-hr.mp3"}, "model": "callcenter.translation", "pk": 168}, {"fields": {"text": null, "question": 80, "language": "hr", "audio_file": "80-hr.mp3"}, "model": "callcenter.translation", "pk": 169}, {"fields": {"text": null, "question": 84, "language": "hr", "audio_file": "84-hr.mp3"}, "model": "callcenter.translation", "pk": 170}, {"fields": {"text": null, "question": 86, "language": "hr", "audio_file": "86-hr.mp3"}, "model": "callcenter.translation", "pk": 171}, {"fields": {"text": null, "question": 114, "language": "hr", "audio_file": "114-hr.mp3"}, "model": "callcenter.translation", "pk": 172}, {"fields": {"text": null, "question": 116, "language": "hr", "audio_file": "116-hr.mp3"}, "model": "callcenter.translation", "pk": 173}, {"fields": {"text": null, "question": 143, "language": "hr", "audio_file": "143-hr.mp3"}, "model": "callcenter.translation", "pk": 174}, {"fields": {"text": null, "question": 160, "language": "hr", "audio_file": "160-hr.mp3"}, "model": "callcenter.translation", "pk": 175}, {"fields": {"text": null, "question": 163, "language": "hr", "audio_file": "163-hr.mp3"}, "model": "callcenter.translation", "pk": 176}, {"fields": {"text": null, "question": 180, "language": "hr", "audio_file": "180-hr.mp3"}, "model": "callcenter.translation", "pk": 177}, {"fields": {"text": null, "question": 185, "language": "hr", "audio_file": "185-hr.mp3"}, "model": "callcenter.translation", "pk": 178}, {"fields": {"text": null, "question": 65, "language": "hr", "audio_file": "65-hr.mp3"}, "model": "callcenter.translation", "pk": 179}, {"fields": {"text": null, "question": 140, "language": "hr", "audio_file": "140-hr.mp3"}, "model": "callcenter.translation", "pk": 180}, {"fields": {"text": null, "question": 12, "language": "it", "audio_file": "12-it.mp3"}, "model": "callcenter.translation", "pk": 181}, {"fields": {"text": null, "question": 99, "language": "it", "audio_file": "99-it.mp3"}, "model": "callcenter.translation", "pk": 182}, {"fields": {"text": null, "question": 67, "language": "it", "audio_file": "67-it.mp3"}, "model": "callcenter.translation", "pk": 183}, {"fields": {"text": null, "question": 140, "language": "it", "audio_file": "140-it.mp3"}, "model": "callcenter.translation", "pk": 184}, {"fields": {"text": null, "question": 2, "language": "it", "audio_file": "2-it.mp3"}, "model": "callcenter.translation", "pk": 185}, {"fields": {"text": null, "question": 3, "language": "it", "audio_file": "3-it.mp3"}, "model": "callcenter.translation", "pk": 186}, {"fields": {"text": null, "question": 42, "language": "it", "audio_file": "42-it.mp3"}, "model": "callcenter.translation", "pk": 187}, {"fields": {"text": null, "question": 43, "language": "it", "audio_file": "43-it.mp3"}, "model": "callcenter.translation", "pk": 188}, {"fields": {"text": null, "question": 49, "language": "it", "audio_file": "49-it.mp3"}, "model": "callcenter.translation", "pk": 189}, {"fields": {"text": null, "question": 71, "language": "it", "audio_file": "71-it.mp3"}, "model": "callcenter.translation", "pk": 190}, {"fields": {"text": null, "question": 72, "language": "it", "audio_file": "72-it.mp3"}, "model": "callcenter.translation", "pk": 191}, {"fields": {"text": null, "question": 101, "language": "it", "audio_file": "101-it.mp3"}, "model": "callcenter.translation", "pk": 192}, {"fields": {"text": null, "question": 102, "language": "it", "audio_file": "102-it.mp3"}, "model": "callcenter.translation", "pk": 193}, {"fields": {"text": null, "question": 105, "language": "it", "audio_file": "105-it.mp3"}, "model": "callcenter.translation", "pk": 194}, {"fields": {"text": null, "question": 112, "language": "it", "audio_file": "112-it.mp3"}, "model": "callcenter.translation", "pk": 195}, {"fields": {"text": null, "question": 132, "language": "it", "audio_file": "132-it.mp3"}, "model": "callcenter.translation", "pk": 196}, {"fields": {"text": null, "question": 134, "language": "it", "audio_file": "134-it.mp3"}, "model": "callcenter.translation", "pk": 197}, {"fields": {"text": null, "question": 148, "language": "it", "audio_file": "148-it.mp3"}, "model": "callcenter.translation", "pk": 198}, {"fields": {"text": null, "question": 149, "language": "it", "audio_file": "149-it.mp3"}, "model": "callcenter.translation", "pk": 199}, {"fields": {"text": null, "question": 151, "language": "it", "audio_file": "151-it.mp3"}, "model": "callcenter.translation", "pk": 200}, {"fields": {"text": null, "question": 156, "language": "it", "audio_file": "156-it.mp3"}, "model": "callcenter.translation", "pk": 201}, {"fields": {"text": null, "question": 165, "language": "it", "audio_file": "165-it.mp3"}, "model": "callcenter.translation", "pk": 202}, {"fields": {"text": null, "question": 167, "language": "it", "audio_file": "167-it.mp3"}, "model": "callcenter.translation", "pk": 203}, {"fields": {"text": null, "question": 172, "language": "it", "audio_file": "172-it.mp3"}, "model": "callcenter.translation", "pk": 204}, {"fields": {"text": null, "question": 23, "language": "it", "audio_file": "23-it.mp3"}, "model": "callcenter.translation", "pk": 205}, {"fields": {"text": null, "question": 25, "language": "it", "audio_file": "25-it.mp3"}, "model": "callcenter.translation", "pk": 206}, {"fields": {"text": null, "question": 57, "language": "it", "audio_file": "57-it.mp3"}, "model": "callcenter.translation", "pk": 207}, {"fields": {"text": null, "question": 61, "language": "it", "audio_file": "61-it.mp3"}, "model": "callcenter.translation", "pk": 208}, {"fields": {"text": null, "question": 79, "language": "it", "audio_file": "79-it.mp3"}, "model": "callcenter.translation", "pk": 209}, {"fields": {"text": null, "question": 82, "language": "it", "audio_file": "82-it.mp3"}, "model": "callcenter.translation", "pk": 210}, {"fields": {"text": null, "question": 141, "language": "it", "audio_file": "141-it.mp3"}, "model": "callcenter.translation", "pk": 211}, {"fields": {"text": null, "question": 157, "language": "it", "audio_file": "157-it.mp3"}, "model": "callcenter.translation", "pk": 212}, {"fields": {"text": null, "question": 161, "language": "it", "audio_file": "161-it.mp3"}, "model": "callcenter.translation", "pk": 213}, {"fields": {"text": null, "question": 179, "language": "it", "audio_file": "179-it.mp3"}, "model": "callcenter.translation", "pk": 214}, {"fields": {"text": null, "question": 181, "language": "it", "audio_file": "181-it.mp3"}, "model": "callcenter.translation", "pk": 215}, {"fields": {"text": null, "question": 186, "language": "it", "audio_file": "186-it.mp3"}, "model": "callcenter.translation", "pk": 216}, {"fields": {"text": null, "question": 139, "language": "it", "audio_file": "139-it.mp3"}, "model": "callcenter.translation", "pk": 217}, {"fields": {"text": null, "question": 183, "language": "it", "audio_file": "183-it.mp3"}, "model": "callcenter.translation", "pk": 218}, {"fields": {"text": null, "question": 151, "language": "ku", "audio_file": "151-ku.mp3"}, "model": "callcenter.translation", "pk": 219}, {"fields": {"text": null, "question": 83, "language": "ku", "audio_file": "83-ku.mp3"}, "model": "callcenter.translation", "pk": 220}, {"fields": {"text": null, "question": 43, "language": "ku", "audio_file": "43-ku.mp3"}, "model": "callcenter.translation", "pk": 221}, {"fields": {"text": null, "question": 127, "language": "ku", "audio_file": "127-ku.mp3"}, "model": "callcenter.translation", "pk": 222}, {"fields": {"text": null, "question": 176, "language": "ku", "audio_file": "176-ku.mp3"}, "model": "callcenter.translation", "pk": 223}, {"fields": {"text": null, "question": 92, "language": "ku", "audio_file": "92-ku.mp3"}, "model": "callcenter.translation", "pk": 224}, {"fields": {"text": null, "question": 132, "language": "ku", "audio_file": "132-ku.mp3"}, "model": "callcenter.translation", "pk": 225}, {"fields": {"text": null, "question": 104, "language": "ku", "audio_file": "104-ku.mp3"}, "model": "callcenter.translation", "pk": 226}, {"fields": {"text": null, "question": 67, "language": "ku", "audio_file": "67-ku.mp3"}, "model": "callcenter.translation", "pk": 227}, {"fields": {"text": null, "question": 156, "language": "ku", "audio_file": "156-ku.mp3"}, "model": "callcenter.translation", "pk": 228}, {"fields": {"text": null, "question": 27, "language": "ku", "audio_file": "27-ku.mp3"}, "model": "callcenter.translation", "pk": 229}, {"fields": {"text": null, "question": 99, "language": "ku", "audio_file": "99-ku.mp3"}, "model": "callcenter.translation", "pk": 230}, {"fields": {"text": null, "question": 183, "language": "ku", "audio_file": "183-ku.mp3"}, "model": "callcenter.translation", "pk": 231}, {"fields": {"text": null, "question": 175, "language": "ku", "audio_file": "175-ku.mp3"}, "model": "callcenter.translation", "pk": 232}, {"fields": {"text": null, "question": 160, "language": "ku", "audio_file": "160-ku.mp3"}, "model": "callcenter.translation", "pk": 233}, {"fields": {"text": null, "question": 108, "language": "ku", "audio_file": "108-ku.mp3"}, "model": "callcenter.translation", "pk": 234}, {"fields": {"text": null, "question": 28, "language": "ku", "audio_file": "28-ku.mp3"}, "model": "callcenter.translation", "pk": 235}, {"fields": {"text": null, "question": 31, "language": "ku", "audio_file": "31-ku.mp3"}, "model": "callcenter.translation", "pk": 236}, {"fields": {"text": null, "question": 85, "language": "ku", "audio_file": "85-ku.mp3"}, "model": "callcenter.translation", "pk": 237}, {"fields": {"text": null, "question": 145, "language": "ku", "audio_file": "145-ku.mp3"}, "model": "callcenter.translation", "pk": 238}, {"fields": {"text": null, "question": 56, "language": "ku", "audio_file": "56-ku.mp3"}, "model": "callcenter.translation", "pk": 239}, {"fields": {"text": null, "question": 67, "language": "pt", "audio_file": "67-pt.mp3"}, "model": "callcenter.translation", "pk": 240}, {"fields": {"text": null, "question": 132, "language": "pt", "audio_file": "132-pt.mp3"}, "model": "callcenter.translation", "pk": 241}, {"fields": {"text": null, "question": 151, "language": "pt", "audio_file": "151-pt.mp3"}, "model": "callcenter.translation", "pk": 242}, {"fields": {"text": null, "question": 156, "language": "pt", "audio_file": "156-pt.mp3"}, "model": "callcenter.translation", "pk": 243}, {"fields": {"text": null, "question": 27, "language": "pt", "audio_file": "27-pt.mp3"}, "model": "callcenter.translation", "pk": 244}, {"fields": {"text": null, "question": 83, "language": "pt", "audio_file": "83-pt.mp3"}, "model": "callcenter.translation", "pk": 245}, {"fields": {"text": null, "question": 12, "language": "pt", "audio_file": "12-pt.mp3"}, "model": "callcenter.translation", "pk": 246}, {"fields": {"text": null, "question": 140, "language": "pt", "audio_file": "140-pt.mp3"}, "model": "callcenter.translation", "pk": 247}, {"fields": {"text": null, "question": 101, "language": "pt", "audio_file": "101-pt.mp3"}, "model": "callcenter.translation", "pk": 248}, {"fields": {"text": null, "question": 105, "language": "pt", "audio_file": "105-pt.mp3"}, "model": "callcenter.translation", "pk": 249}, {"fields": {"text": null, "question": 25, "language": "pt", "audio_file": "25-pt.mp3"}, "model": "callcenter.translation", "pk": 250}, {"fields": {"text": null, "question": 82, "language": "pt", "audio_file": "82-pt.mp3"}, "model": "callcenter.translation", "pk": 251}, {"fields": {"text": null, "question": 179, "language": "pt", "audio_file": "179-pt.mp3"}, "model": "callcenter.translation", "pk": 252}, {"fields": {"text": null, "question": 181, "language": "pt", "audio_file": "181-pt.mp3"}, "model": "callcenter.translation", "pk": 253}, {"fields": {"text": null, "question": 153, "language": "pt", "audio_file": "153-pt.mp3"}, "model": "callcenter.translation", "pk": 254}, {"fields": {"text": null, "question": 51, "language": "pt", "audio_file": "51-pt.mp3"}, "model": "callcenter.translation", "pk": 255}, {"fields": {"text": null, "question": 52, "language": "pt", "audio_file": "52-pt.mp3"}, "model": "callcenter.translation", "pk": 256}, {"fields": {"text": null, "question": 77, "language": "pt", "audio_file": "77-pt.mp3"}, "model": "callcenter.translation", "pk": 257}, {"fields": {"text": null, "question": 107, "language": "pt", "audio_file": "107-pt.mp3"}, "model": "callcenter.translation", "pk": 258}, {"fields": {"text": null, "question": 135, "language": "pt", "audio_file": "135-pt.mp3"}, "model": "callcenter.translation", "pk": 259}, {"fields": {"text": null, "question": 178, "language": "pt", "audio_file": "178-pt.mp3"}, "model": "callcenter.translation", "pk": 260}, {"fields": {"text": null, "question": 132, "language": "ro", "audio_file": "132-ro.mp3"}, "model": "callcenter.translation", "pk": 261}, {"fields": {"text": null, "question": 151, "language": "ro", "audio_file": "151-ro.mp3"}, "model": "callcenter.translation", "pk": 262}, {"fields": {"text": null, "question": 12, "language": "ro", "audio_file": "12-ro.mp3"}, "model": "callcenter.translation", "pk": 263}, {"fields": {"text": null, "question": 179, "language": "ro", "audio_file": "179-ro.mp3"}, "model": "callcenter.translation", "pk": 264}, {"fields": {"text": null, "question": 104, "language": "ro", "audio_file": "104-ro.mp3"}, "model": "callcenter.translation", "pk": 265}, {"fields": {"text": null, "question": 2, "language": "ro", "audio_file": "2-ro.mp3"}, "model": "callcenter.translation", "pk": 266}, {"fields": {"text": null, "question": 42, "language": "ro", "audio_file": "42-ro.mp3"}, "model": "callcenter.translation", "pk": 267}, {"fields": {"text": null, "question": 72, "language": "ro", "audio_file": "72-ro.mp3"}, "model": "callcenter.translation", "pk": 268}, {"fields": {"text": null, "question": 102, "language": "ro", "audio_file": "102-ro.mp3"}, "model": "callcenter.translation", "pk": 269}, {"fields": {"text": null, "question": 112, "language": "ro", "audio_file": "112-ro.mp3"}, "model": "callcenter.translation", "pk": 270}, {"fields": {"text": null, "question": 148, "language": "ro", "audio_file": "148-ro.mp3"}, "model": "callcenter.translation", "pk": 271}, {"fields": {"text": null, "question": 45, "language": "ro", "audio_file": "45-ro.mp3"}, "model": "callcenter.translation", "pk": 272}, {"fields": {"text": null, "question": 69, "language": "ro", "audio_file": "69-ro.mp3"}, "model": "callcenter.translation", "pk": 273}, {"fields": {"text": null, "question": 74, "language": "ro", "audio_file": "74-ro.mp3"}, "model": "callcenter.translation", "pk": 274}, {"fields": {"text": null, "question": 128, "language": "ro", "audio_file": "128-ro.mp3"}, "model": "callcenter.translation", "pk": 275}, {"fields": {"text": null, "question": 130, "language": "ro", "audio_file": "130-ro.mp3"}, "model": "callcenter.translation", "pk": 276}, {"fields": {"text": null, "question": 150, "language": "ro", "audio_file": "150-ro.mp3"}, "model": "callcenter.translation", "pk": 277}, {"fields": {"text": null, "question": 166, "language": "ro", "audio_file": "166-ro.mp3"}, "model": "callcenter.translation", "pk": 278}, {"fields": {"text": null, "question": 170, "language": "ro", "audio_file": "170-ro.mp3"}, "model": "callcenter.translation", "pk": 279}, {"fields": {"text": null, "question": 15, "language": "ro", "audio_file": "15-ro.mp3"}, "model": "callcenter.translation", "pk": 280}, {"fields": {"text": null, "question": 54, "language": "ro", "audio_file": "54-ro.mp3"}, "model": "callcenter.translation", "pk": 281}, {"fields": {"text": null, "question": 151, "language": "ru", "audio_file": "151-ru.mp3"}, "model": "callcenter.translation", "pk": 282}, {"fields": {"text": null, "question": 179, "language": "ru", "audio_file": "179-ru.mp3"}, "model": "callcenter.translation", "pk": 283}, {"fields": {"text": null, "question": 2, "language": "ru", "audio_file": "2-ru.mp3"}, "model": "callcenter.translation", "pk": 284}, {"fields": {"text": null, "question": 42, "language": "ru", "audio_file": "42-ru.mp3"}, "model": "callcenter.translation", "pk": 285}, {"fields": {"text": null, "question": 72, "language": "ru", "audio_file": "72-ru.mp3"}, "model": "callcenter.translation", "pk": 286}, {"fields": {"text": null, "question": 102, "language": "ru", "audio_file": "102-ru.mp3"}, "model": "callcenter.translation", "pk": 287}, {"fields": {"text": null, "question": 112, "language": "ru", "audio_file": "112-ru.mp3"}, "model": "callcenter.translation", "pk": 288}, {"fields": {"text": null, "question": 148, "language": "ru", "audio_file": "148-ru.mp3"}, "model": "callcenter.translation", "pk": 289}, {"fields": {"text": null, "question": 45, "language": "ru", "audio_file": "45-ru.mp3"}, "model": "callcenter.translation", "pk": 290}, {"fields": {"text": null, "question": 128, "language": "ru", "audio_file": "128-ru.mp3"}, "model": "callcenter.translation", "pk": 291}, {"fields": {"text": null, "question": 130, "language": "ru", "audio_file": "130-ru.mp3"}, "model": "callcenter.translation", "pk": 292}, {"fields": {"text": null, "question": 150, "language": "ru", "audio_file": "150-ru.mp3"}, "model": "callcenter.translation", "pk": 293}, {"fields": {"text": null, "question": 170, "language": "ru", "audio_file": "170-ru.mp3"}, "model": "callcenter.translation", "pk": 294}, {"fields": {"text": null, "question": 54, "language": "ru", "audio_file": "54-ru.mp3"}, "model": "callcenter.translation", "pk": 295}, {"fields": {"text": null, "question": 83, "language": "ru", "audio_file": "83-ru.mp3"}, "model": "callcenter.translation", "pk": 296}, {"fields": {"text": null, "question": 105, "language": "ru", "audio_file": "105-ru.mp3"}, "model": "callcenter.translation", "pk": 297}, {"fields": {"text": null, "question": 82, "language": "ru", "audio_file": "82-ru.mp3"}, "model": "callcenter.translation", "pk": 298}, {"fields": {"text": null, "question": 181, "language": "ru", "audio_file": "181-ru.mp3"}, "model": "callcenter.translation", "pk": 299}, {"fields": {"text": null, "question": 153, "language": "ru", "audio_file": "153-ru.mp3"}, "model": "callcenter.translation", "pk": 300}, {"fields": {"text": null, "question": 52, "language": "ru", "audio_file": "52-ru.mp3"}, "model": "callcenter.translation", "pk": 301}, {"fields": {"text": null, "question": 107, "language": "ru", "audio_file": "107-ru.mp3"}, "model": "callcenter.translation", "pk": 302}, {"fields": {"text": null, "question": 43, "language": "ru", "audio_file": "43-ru.mp3"}, "model": "callcenter.translation", "pk": 303}, {"fields": {"text": null, "question": 127, "language": "ru", "audio_file": "127-ru.mp3"}, "model": "callcenter.translation", "pk": 304}, {"fields": {"text": null, "question": 176, "language": "ru", "audio_file": "176-ru.mp3"}, "model": "callcenter.translation", "pk": 305}, {"fields": {"text": null, "question": 92, "language": "ru", "audio_file": "92-ru.mp3"}, "model": "callcenter.translation", "pk": 306}, {"fields": {"text": null, "question": 3, "language": "ru", "audio_file": "3-ru.mp3"}, "model": "callcenter.translation", "pk": 307}, {"fields": {"text": null, "question": 149, "language": "ru", "audio_file": "149-ru.mp3"}, "model": "callcenter.translation", "pk": 308}, {"fields": {"text": null, "question": 165, "language": "ru", "audio_file": "165-ru.mp3"}, "model": "callcenter.translation", "pk": 309}, {"fields": {"text": null, "question": 47, "language": "ru", "audio_file": "47-ru.mp3"}, "model": "callcenter.translation", "pk": 310}, {"fields": {"text": null, "question": 80, "language": "ru", "audio_file": "80-ru.mp3"}, "model": "callcenter.translation", "pk": 311}, {"fields": {"text": null, "question": 116, "language": "ru", "audio_file": "116-ru.mp3"}, "model": "callcenter.translation", "pk": 312}, {"fields": {"text": null, "question": 185, "language": "ru", "audio_file": "185-ru.mp3"}, "model": "callcenter.translation", "pk": 313}, {"fields": {"text": null, "question": 4, "language": "ru", "audio_file": "4-ru.mp3"}, "model": "callcenter.translation", "pk": 314}, {"fields": {"text": null, "question": 6, "language": "ru", "audio_file": "6-ru.mp3"}, "model": "callcenter.translation", "pk": 315}, {"fields": {"text": null, "question": 8, "language": "ru", "audio_file": "8-ru.mp3"}, "model": "callcenter.translation", "pk": 316}, {"fields": {"text": null, "question": 46, "language": "ru", "audio_file": "46-ru.mp3"}, "model": "callcenter.translation", "pk": 317}, {"fields": {"text": null, "question": 70, "language": "ru", "audio_file": "70-ru.mp3"}, "model": "callcenter.translation", "pk": 318}, {"fields": {"text": null, "question": 73, "language": "ru", "audio_file": "73-ru.mp3"}, "model": "callcenter.translation", "pk": 319}, {"fields": {"text": null, "question": 100, "language": "ru", "audio_file": "100-ru.mp3"}, "model": "callcenter.translation", "pk": 320}, {"fields": {"text": null, "question": 125, "language": "ru", "audio_file": "125-ru.mp3"}, "model": "callcenter.translation", "pk": 321}, {"fields": {"text": null, "question": 129, "language": "ru", "audio_file": "129-ru.mp3"}, "model": "callcenter.translation", "pk": 322}, {"fields": {"text": null, "question": 131, "language": "ru", "audio_file": "131-ru.mp3"}, "model": "callcenter.translation", "pk": 323}, {"fields": {"text": null, "question": 154, "language": "ru", "audio_file": "154-ru.mp3"}, "model": "callcenter.translation", "pk": 324}, {"fields": {"text": null, "question": 155, "language": "ru", "audio_file": "155-ru.mp3"}, "model": "callcenter.translation", "pk": 325}, {"fields": {"text": null, "question": 169, "language": "ru", "audio_file": "169-ru.mp3"}, "model": "callcenter.translation", "pk": 326}, {"fields": {"text": null, "question": 171, "language": "ru", "audio_file": "171-ru.mp3"}, "model": "callcenter.translation", "pk": 327}, {"fields": {"text": null, "question": 20, "language": "ru", "audio_file": "20-ru.mp3"}, "model": "callcenter.translation", "pk": 328}, {"fields": {"text": null, "question": 34, "language": "ru", "audio_file": "34-ru.mp3"}, "model": "callcenter.translation", "pk": 329}, {"fields": {"text": null, "question": 58, "language": "ru", "audio_file": "58-ru.mp3"}, "model": "callcenter.translation", "pk": 330}, {"fields": {"text": null, "question": 81, "language": "ru", "audio_file": "81-ru.mp3"}, "model": "callcenter.translation", "pk": 331}, {"fields": {"text": null, "question": 88, "language": "ru", "audio_file": "88-ru.mp3"}, "model": "callcenter.translation", "pk": 332}, {"fields": {"text": null, "question": 144, "language": "ru", "audio_file": "144-ru.mp3"}, "model": "callcenter.translation", "pk": 333}, {"fields": {"text": null, "question": 164, "language": "ru", "audio_file": "164-ru.mp3"}, "model": "callcenter.translation", "pk": 334}, {"fields": {"text": null, "question": 5, "language": "ru", "audio_file": "5-ru.mp3"}, "model": "callcenter.translation", "pk": 335}, {"fields": {"text": null, "question": 110, "language": "ru", "audio_file": "110-ru.mp3"}, "model": "callcenter.translation", "pk": 336}, {"fields": {"text": "Je m\u2019appelle Tom et je voudrais savoir quelles sont les comp\u00e9tences n\u00e9cessaires pour travailler dans votre entreprise ?", "question": 2, "language": "fr", "audio_file": "2-fr.mp3"}, "model": "callcenter.translation", "pk": 337}, {"fields": {"text": "Ici Julien du d\u00e9partement vente. Je souhaiterais prendre 6 mois sabbatiques. Comment puis-je proc\u00e9der ?", "question": 3, "language": "fr", "audio_file": "3-fr.mp3"}, "model": "callcenter.translation", "pk": 338}, {"fields": {"text": "Bonjour, L\u00e9a \u00e0 l\u2019appareil. J'aimerais obtenir plus d'informations sur la possibilit\u00e9 d'effectuer des cours en emploi.", "question": 4, "language": "fr", "audio_file": "4-fr.mp3"}, "model": "callcenter.translation", "pk": 339}, {"fields": {"text": "Bonjour, Mme Keller \u00e0 l'appareil. Je travaille dans le d\u00e9partement marketing et j'ai eu un accident ce week-end. Pouvez-vous me dire comment proc\u00e9der s'il vous pla\u00eet ?", "question": 5, "language": "fr", "audio_file": "5-fr.mp3"}, "model": "callcenter.translation", "pk": 340}, {"fields": {"text": "Christophe du d\u00e9partement finance et comptabilit\u00e9. Quel type de cours devrais-je suivre si je souhaite prendre un poste \u00e0 responsabilit\u00e9s ?", "question": 6, "language": "fr", "audio_file": "6-fr.mp3"}, "model": "callcenter.translation", "pk": 341}, {"fields": {"text": "Bonjour, je m\u2019appelle Sarah Cooper. Je travaille dans le d\u00e9partement marketing. J'aimerais savoir quels sont les avantages du nouveau poste \u00e0 repourvoir dans mon d\u00e9partement.", "question": 7, "language": "fr", "audio_file": "7-fr.mp3"}, "model": "callcenter.translation", "pk": 342}, {"fields": {"text": "Justine Evard \u00e0 l\u2019appareil. J'ai vu une annonce dans les journaux \u00e0 propos d'un poste \u00e0 pourvoir au sein de votre entreprise. Pourriez-vous me donner davantage d'informations ?", "question": 8, "language": "fr", "audio_file": "8-fr.mp3"}, "model": "callcenter.translation", "pk": 343}, {"fields": {"text": "Bonjour, Eveline Jacot du d\u00e9partement comptabilit\u00e9. Je suis enceinte et j'aimerais discuter de mon cong\u00e9 maternit\u00e9 avec le chef de d\u00e9partement.", "question": 9, "language": "fr", "audio_file": "9-fr.mp3"}, "model": "callcenter.translation", "pk": 344}, {"fields": {"text": "L\u00e9onard du d\u00e9partement juridique. Durant ces 3 derniers mois, j\u2019ai effectu\u00e9 du travail suppl\u00e9mentaire dans d\u2019autres d\u00e9partements. Pourriez-vous me transmettre un certificat de travail interm\u00e9diaire ?", "question": 10, "language": "fr", "audio_file": "10-fr.mp3"}, "model": "callcenter.translation", "pk": 345}, {"fields": {"text": "Bonjour, Jean \u00e0 l\u2019appareil. J'ai oubli\u00e9 mon badge \u00e0 la maison. Pourriez-vous pointer pour moi s'il vous pla\u00eet ?", "question": 11, "language": "fr", "audio_file": "11-fr.mp3"}, "model": "callcenter.translation", "pk": 346}, {"fields": {"text": "Bonjour, Vanessa du d\u00e9partement achats. J'ai une question concernant mon contrat. Pourriez-vous m'aider s'il vous pla\u00eet ?", "question": 12, "language": "fr", "audio_file": "12-fr.mp3"}, "model": "callcenter.translation", "pk": 347}, {"fields": {"text": "Bonjour, L\u00e9on Thi\u00e9baut du d\u00e9partement marketing. Je ne sais pas si vous pouvez m'aider, mais je n'ai toujours pas re\u00e7u mon salaire ce mois-ci.", "question": 13, "language": "fr", "audio_file": "13-fr.mp3"}, "model": "callcenter.translation", "pk": 348}, {"fields": {"text": "Bonjour, Frank du d\u00e9partement juridique. J'aimerais discuter avec vous pour savoir s'il \u00e9tait possible de r\u00e9duire mon temps de travail.", "question": 14, "language": "fr", "audio_file": "14-fr.mp3"}, "model": "callcenter.translation", "pk": 349}, {"fields": {"text": "Florian Perret du d\u00e9partement marketing. J'ai remarqu\u00e9 une erreur sur ma feuille de salaire.", "question": 15, "language": "fr", "audio_file": "15-fr.mp3"}, "model": "callcenter.translation", "pk": 350}, {"fields": {"text": "Je m\u2019appelle Jean-Christophe, je vis \u00e0 la campagne et j'aimerais postuler pour un poste dans votre entreprise. Est-ce que vous organiser des navettes ?", "question": 16, "language": "fr", "audio_file": "16-fr.mp3"}, "model": "callcenter.translation", "pk": 351}, {"fields": {"text": "Bonjour, Anton Fl\u00fcckiger. Je ne me rappelle plus combien de jours de vacances il me reste cette ann\u00e9e, pourriez-vous m\u2019aider\u00a0?", "question": 17, "language": "fr", "audio_file": "17-fr.mp3"}, "model": "callcenter.translation", "pk": 352}, {"fields": {"text": "Bonjour, Stefane Gigax. Je travaille au marketing et je suis malade aujourd\u2019hui, pourriez-vous le leur faire savoir\u00a0?", "question": 18, "language": "fr", "audio_file": "18-fr.mp3"}, "model": "callcenter.translation", "pk": 353}, {"fields": {"text": "Bonjour, Felix Schneider \u00e0 l\u2019appareil. \u00c0 qui dois-je faire parvenir mon dossier de candidature\u00a0?", "question": 19, "language": "fr", "audio_file": "19-fr.mp3"}, "model": "callcenter.translation", "pk": 354}, {"fields": {"text": "Bonjour, je m\u2019appelle Jean Ducommun et je viens de terminer mes \u00e9tudes. J\u2019aurais voulu savoir si vous aviez un poste vacant dans le d\u00e9partement des finances\u00a0?", "question": 20, "language": "fr", "audio_file": "20-fr.mp3"}, "model": "callcenter.translation", "pk": 355}, {"fields": {"text": "Bonjour, Rita Gross \u00e0 l\u2019appareil. J\u2019aurais aim\u00e9 en savoir plus sur l\u2019offre d\u2019emploi que vous avez publi\u00e9. \u00c0 qui dois-je m\u2019adresser\u00a0?", "question": 21, "language": "fr", "audio_file": "21-fr.mp3"}, "model": "callcenter.translation", "pk": 356}, {"fields": {"text": "Bonjour, j\u2019aimerais commencer une formation en vue d\u2019obtenir un Bachelor. Prendriez-vous en charge une partie des co\u00fbts de formation\u00a0?", "question": 22, "language": "fr", "audio_file": "22-fr.mp3"}, "model": "callcenter.translation", "pk": 357}, {"fields": {"text": "Bonjour, je suis Daniela Praz. Je travaille \u00e0 la vente et je suis enceinte. Comment se d\u00e9roule le processus administratif\u00a0?", "question": 23, "language": "fr", "audio_file": "23-fr.mp3"}, "model": "callcenter.translation", "pk": 358}, {"fields": {"text": "Ici Adolf Sachs. J\u2019aurais voulu postuler dans votre entreprise. Pourriez-vous transmettre ma candidature\u00a0?", "question": 24, "language": "fr", "audio_file": "24-fr.mp3"}, "model": "callcenter.translation", "pk": 359}, {"fields": {"text": "Bonjour, je suis \u00e9tudiante et j\u2019aimerais faire un stage dans votre entreprise. A qui dois-je m\u2019adresser\u00a0?", "question": 25, "language": "fr", "audio_file": "25-fr.mp3"}, "model": "callcenter.translation", "pk": 360}, {"fields": {"text": "Bonjour, Hugentobler \u00e0 l\u2019appareil. J\u2019ai travaill\u00e9 10 ans pour votre entreprise. Cela fait 3 mois que j\u2019attends mon certificat de travail.", "question": 26, "language": "fr", "audio_file": "26-fr.mp3"}, "model": "callcenter.translation", "pk": 361}, {"fields": {"text": "Bonjour, je cherche du travail. Pourriez-vous me mettre en relation avec le bon d\u00e9partement\u00a0?", "question": 27, "language": "fr", "audio_file": "27-fr.mp3"}, "model": "callcenter.translation", "pk": 362}, {"fields": {"text": "Bonjour, Karl Heinz du d\u00e9partement marketing. Puis-je demander un cong\u00e9 sabbatique dans votre entreprise\u00a0?", "question": 28, "language": "fr", "audio_file": "28-fr.mp3"}, "model": "callcenter.translation", "pk": 363}, {"fields": {"text": "Bonjour, ici Anna Seiler \u00e0 l'appareil. \u00c0 combien se monte le salaire moyen dans votre entreprise\u00a0?", "question": 29, "language": "fr", "audio_file": "29-fr.mp3"}, "model": "callcenter.translation", "pk": 364}, {"fields": {"text": "Bonjour, je suis Susi Weber du d\u00e9partement marketing. Je pars prochainement prendre des cours d\u2019allemand \u00e0 Berlin. Est-ce que l\u2019entreprise serait d\u2019accord de participer financi\u00e8rement\u00a0?", "question": 30, "language": "fr", "audio_file": "30-fr.mp3"}, "model": "callcenter.translation", "pk": 365}, {"fields": {"text": "Bonjour, je suis Morgane Hasslich et j'aimerais savoir de quelle exp\u00e9rience professionnelle avons-nous besoin pour ce travail\u00a0?", "question": 31, "language": "fr", "audio_file": "31-fr.mp3"}, "model": "callcenter.translation", "pk": 366}, {"fields": {"text": "Bonjour, Walter Lutz \u00e0 l\u2019appareil. Je suis sens\u00e9 avoir un entretien mais suis malheureusement malade. Pourrais-je parler au responsable svp\u00a0?", "question": 32, "language": "fr", "audio_file": "32-fr.mp3"}, "model": "callcenter.translation", "pk": 367}, {"fields": {"text": "Bonjour, ici Petra Scoobi du d\u00e9partement des finances. Il y a du mobbing dans notre d\u00e9partement. Serait-il possible d\u2019en parler avec une personne neutre\u00a0?", "question": 33, "language": "fr", "audio_file": "33-fr.mp3"}, "model": "callcenter.translation", "pk": 368}, {"fields": {"text": "Bonjour, Claudia Spitzweg \u00e0 l\u2019appareil. J\u2019aimerais un certificat interm\u00e9diaire. Qui pourrait me le d\u00e9livrer\u00a0?", "question": 34, "language": "fr", "audio_file": "34-fr.mp3"}, "model": "callcenter.translation", "pk": 369}, {"fields": {"text": "Bonjour, je m\u2019appelle Markus Hofe. J\u2019ai postul\u00e9 pour le poste de directeur de vente, mais je n\u2019ai encore re\u00e7u aucune nouvelle. Pourriez-vous me mettre en relation avec le d\u00e9partement comp\u00e9tent\u00a0?", "question": 35, "language": "fr", "audio_file": "35-fr.mp3"}, "model": "callcenter.translation", "pk": 370}, {"fields": {"text": "Bonjour, je cherche un job de vacances. Auriez-vous quelque chose \u00e0 me proposer\u00a0?", "question": 36, "language": "fr", "audio_file": "36-fr.mp3"}, "model": "callcenter.translation", "pk": 371}, {"fields": {"text": "Bonjour, je suis \u00e9tudiant d\u2019une haute \u00e9cole dans la fili\u00e8re informatique de gestion et je recherche une entreprise pour mon travail de Bachelor.", "question": 37, "language": "fr", "audio_file": "37-fr.mp3"}, "model": "callcenter.translation", "pk": 372}, {"fields": {"text": "Bonjour, Sabine Franzen \u00e0 l\u2019appareil. Mon superviseur n\u2019a pas trouv\u00e9 de temps pour mon entretien de qualification. Que dois-je faire ?", "question": 38, "language": "fr", "audio_file": "38-fr.mp3"}, "model": "callcenter.translation", "pk": 373}, {"fields": {"text": "Bonjour, Kurt Schwarzer \u00e0 l'appareil. Je vais devoir \u00eatre davantage qualifi\u00e9 pour ce travail. D\u00e8s lors, je pense que nous pourrions discuter d\u2019une augmentation de salaire.", "question": 39, "language": "fr", "audio_file": "39-fr.mp3"}, "model": "callcenter.translation", "pk": 374}, {"fields": {"text": "Bonjour, Katia Staub \u00e0 l\u2019appareil. Quelles sont les possiblit\u00e9s si je souhaite suivre une formation continue?", "question": 40, "language": "fr", "audio_file": "40-fr.mp3"}, "model": "callcenter.translation", "pk": 375}, {"fields": {"text": "Bonjour, Guy Edouard \u00e0 l'appareil. Combien de candidatures avez-vous re\u00e7ues jusqu\u2019\u00e0 maintenant pour les postes \u00e0 repourvoir ?", "question": 41, "language": "fr", "audio_file": "41-fr.mp3"}, "model": "callcenter.translation", "pk": 376}, {"fields": {"text": "L\u00e9o Erard du d\u00e9partement ventes. Quel est le proc\u00e9d\u00e9 pour obtenir des brevets sur notre nouveau produit SGX60 ?", "question": 42, "language": "fr", "audio_file": "42-fr.mp3"}, "model": "callcenter.translation", "pk": 377}, {"fields": {"text": "Je m\u2019appelle Juliette Wittwer et je travaille dans l\u2019entreprise depuis 2001. Serait-il possible de modifier les termes de mon contrat ?", "question": 43, "language": "fr", "audio_file": "43-fr.mp3"}, "model": "callcenter.translation", "pk": 378}, {"fields": {"text": "Justin Trachsel de l\u2019entreprise SAB SA. Un de nos employ\u00e9s est un frontalier. Y a-t-il des conditions contractuelles sp\u00e9ciales \u00e0 respecter ?", "question": 44, "language": "fr", "audio_file": "44-fr.mp3"}, "model": "callcenter.translation", "pk": 379}, {"fields": {"text": "Bonjour, je m\u2019appelle J\u00e9r\u00e9my Sauser et mon entreprise se trouve en France. Nous souhaitons nous installer en Suisse. Est-ce que nous devons nous plier au droit du pays si nous souhaitons nous y installer ?", "question": 45, "language": "fr", "audio_file": "45-fr.mp3"}, "model": "callcenter.translation", "pk": 380}, {"fields": {"text": "Bonjour, M. Liechti. J'aimerais parler avec le d\u00e9l\u00e9gu\u00e9 syndical s'il vous pla\u00eet.", "question": 46, "language": "fr", "audio_file": "46-fr.mp3"}, "model": "callcenter.translation", "pk": 381}, {"fields": {"text": "Bonjour, Lucas Wust de l\u2019entreprise ABC SA. Nous souhaiterions prolonger notre contrat avec votre entreprise.", "question": 47, "language": "fr", "audio_file": "47-fr.mp3"}, "model": "callcenter.translation", "pk": 382}, {"fields": {"text": "Loris du d\u00e9partement des finances. Quelles sont les mesures \u00e0 prendre pour le recouvrement de cr\u00e9ances ?", "question": 48, "language": "fr", "audio_file": "48-fr.mp3"}, "model": "callcenter.translation", "pk": 383}, {"fields": {"text": "Bonjour, S\u00e9bastien Besson de l\u2019entreprise ABA s\u00e0rl. Quelles sont les conditions \u00e0 respecter si nous souhaitons nous agrandir ?", "question": 49, "language": "fr", "audio_file": "49-fr.mp3"}, "model": "callcenter.translation", "pk": 384}, {"fields": {"text": "Bonjour, Luc Froidevaux de l\u2019entreprise ELF. J\u2019ai un probl\u00e8me avec un employ\u00e9. Que peut faire le syndicat si un employ\u00e9 ne respecte pas son contrat ?", "question": 50, "language": "fr", "audio_file": "50-fr.mp3"}, "model": "callcenter.translation", "pk": 385}, {"fields": {"text": "Bonjour, L\u00e9a du d\u00e9partement ventes. Quelle est la proc\u00e9dure \u00e0 respecter lors d'un licenciement abusif ?", "question": 51, "language": "fr", "audio_file": "51-fr.mp3"}, "model": "callcenter.translation", "pk": 386}, {"fields": {"text": "Bonjour, ici l\u2019entreprise KAS. Quel pourcentage offrez-vous pour les commandes en gros ?", "question": 52, "language": "fr", "audio_file": "52-fr.mp3"}, "model": "callcenter.translation", "pk": 387}, {"fields": {"text": "Bonjour, je suis Lo\u00efc et je travaille dans le d\u00e9partement achats. Comment devons-nous nous y prendre pour intenter un proc\u00e8s \u00e0 un fournisseur ?", "question": 53, "language": "fr", "audio_file": "53-fr.mp3"}, "model": "callcenter.translation", "pk": 388}, {"fields": {"text": "Bonjour, Fred du d\u00e9partement des achats. Qui est responsable des contrats fournisseurs ?", "question": 54, "language": "fr", "audio_file": "54-fr.mp3"}, "model": "callcenter.translation", "pk": 389}, {"fields": {"text": "Bonjour, Anne Fortis. Quelles sont les conditions qui s'appliquent pour le remboursement des clients \u00e0 qui on a vendu un produit d\u00e9faillant ?", "question": 55, "language": "fr", "audio_file": "55-fr.mp3"}, "model": "callcenter.translation", "pk": 390}, {"fields": {"text": "Jos\u00e9 du d\u00e9partement production. Que faire en cas de conflits entre des membres du staff ?", "question": 56, "language": "fr", "audio_file": "56-fr.mp3"}, "model": "callcenter.translation", "pk": 391}, {"fields": {"text": "Bonjour, Monika Stein. J\u2019ai sign\u00e9 un contrat d\u2019achat avec votre entreprise et je voudrais m\u2019y soustraire. Comment pourrais-je annuler cet achat avec votre entreprise?", "question": 57, "language": "fr", "audio_file": "57-fr.mp3"}, "model": "callcenter.translation", "pk": 392}, {"fields": {"text": "Bonjour, je m\u2019appelle Johannes Zweifel. J\u2019habite \u00e0 proximit\u00e9 de votre fabrique, qui fait beaucoup de bruit et qui d\u00e9gage une odeur naus\u00e9abonde. Depuis des semaines, nous sommes contraints de fermer les fen\u00eatres. Pouvez-vous me mettre en contact avec quelqu\u2019un pour rem\u00e9dier \u00e0 cette situation ?", "question": 58, "language": "fr", "audio_file": "58-fr.mp3"}, "model": "callcenter.translation", "pk": 393}, {"fields": {"text": "Bonjour, c'est entreprise Starrag de Lucerne. Nous aimerions prolonger notre contrat de livraison qui expire \u00e0 la fin de l\u2019ann\u00e9e. Pouvez-vous me mettre en contact avec le d\u00e9partement comp\u00e9tent ?", "question": 59, "language": "fr", "audio_file": "59-fr.mp3"}, "model": "callcenter.translation", "pk": 394}, {"fields": {"text": "Bonjour, je m\u2019appelle Thomas Schmidt \u2013 avec dt \u2013 et je travaille pour DHL, votre nouveau service de courrier. Il y a beaucoup de clauses dans notre contrat que je n\u2019ai pas comprises. Pouvez-vous me les expliquer ?", "question": 60, "language": "fr", "audio_file": "60-fr.mp3"}, "model": "callcenter.translation", "pk": 395}, {"fields": {"text": "Bonjour, Sandra M\u00fcller. Je travaille pour Tech SA et nous souhaitons lancer un nouveau produit sur le march\u00e9. Est-il possible de savoir si ce produit est d\u00e9j\u00e0 brevet\u00e9 ?", "question": 61, "language": "fr", "audio_file": "61-fr.mp3"}, "model": "callcenter.translation", "pk": 396}, {"fields": {"text": "Sven Fuhrer. Pourriez-vous me donner des informations \u00e0 ce sujet : quand est-ce que le brevet pour l\u2019article XZP expire-t-il ?", "question": 62, "language": "fr", "audio_file": "62-fr.mp3"}, "model": "callcenter.translation", "pk": 397}, {"fields": {"text": "Bonjour, je m\u2019appelle Urs Klinger et j\u2019ai un probl\u00e8me. Mon fournisseur m\u2019a livr\u00e9 du mat\u00e9riel endommag\u00e9. Pouvez-vous m\u2019aider ?", "question": 63, "language": "fr", "audio_file": "63-fr.mp3"}, "model": "callcenter.translation", "pk": 398}, {"fields": {"text": "Bonjour, Ulrich Kampf du syndicat UNIA. J\u2019ai appris que certains accords de notre convention collective ne seront pas respect\u00e9s. Pourrais-je parler avec le responsable ?", "question": 64, "language": "fr", "audio_file": "64-fr.mp3"}, "model": "callcenter.translation", "pk": 399}, {"fields": {"text": "Bonjour, Fritz Hauser \u00e0 l\u2019appareil. L\u2019appareil que j\u2019ai achet\u00e9 chez vous a pris feu dans mon salon d\u00e8s sa premi\u00e8re utilisation. Vers qui puis-je me tourner ?", "question": 65, "language": "fr", "audio_file": "65-fr.mp3"}, "model": "callcenter.translation", "pk": 400}, {"fields": {"text": "Bonjour, ELF \u00e0 l\u2019appareil. Notre contrat de livraison expire \u00e0 la fin du mois. Nous sommes pr\u00eats \u00e0 continuer notre partenariat avec vous, mais avec des nouvelles conditions.", "question": 66, "language": "fr", "audio_file": "66-fr.mp3"}, "model": "callcenter.translation", "pk": 401}, {"fields": {"text": "Bonjour, Petra Ulrich du d\u00e9partement marketing. J\u2019ai une question : l\u2019un de mes clients refuse de payer notre facture. Que puis-je faire ?", "question": 67, "language": "fr", "audio_file": "67-fr.mp3"}, "model": "callcenter.translation", "pk": 402}, {"fields": {"text": "Ici Norbert Schmutz du d\u00e9partement des ventes. Nous n\u2019avons pas l\u00e9galement \u00e9tabli une commande de client et ce dernier \u00e9voque son droit \u00e0 l\u2019indemnisation. Comment devons-nous proc\u00e9der ?", "question": 68, "language": "fr", "audio_file": "68-fr.mp3"}, "model": "callcenter.translation", "pk": 403}, {"fields": {"text": "Bonjour, Marc Dutoit au t\u00e9l\u00e9phone, je souhaiterais savoir combien de tonnes de mati\u00e8res premi\u00e8res sont command\u00e9es chaque mois ?", "question": 69, "language": "fr", "audio_file": "69-fr.mp3"}, "model": "callcenter.translation", "pk": 404}, {"fields": {"text": "Bonjour, j\u2019ai pass\u00e9 une commande la semaine pass\u00e9 au nom de Furst. Pourriez-vous me donner le num\u00e9ro de r\u00e9f\u00e9rence de ma commande svp ?", "question": 70, "language": "fr", "audio_file": "70-fr.mp3"}, "model": "callcenter.translation", "pk": 405}, {"fields": {"text": "Bonjour, Publicitron \u00e0 Savagnier. Savez-vous quand commencera la prochaine campagne de publicit\u00e9 ?", "question": 71, "language": "fr", "audio_file": "71-fr.mp3"}, "model": "callcenter.translation", "pk": 406}, {"fields": {"text": "Bonjour, je suis le responsable du service financier. Quand aura lieu le prochain questionnaire du d\u00e9partement marketing ?", "question": 72, "language": "fr", "audio_file": "72-fr.mp3"}, "model": "callcenter.translation", "pk": 407}, {"fields": {"text": "Bonjour, Jean Wirz, le directeur. Qui sont nos principaux concurrents pour l'ann\u00e9e 2014 ?", "question": 73, "language": "fr", "audio_file": "73-fr.mp3"}, "model": "callcenter.translation", "pk": 408}, {"fields": {"text": "Bonjour, je m\u2019appelle Eric Funtes. J\u2019ai re\u00e7u mes produits hier. Quand est la date limite de paiement ?", "question": 74, "language": "fr", "audio_file": "74-fr.mp3"}, "model": "callcenter.translation", "pk": 409}, {"fields": {"text": "Bonjour, Nina Zimmerman de l\u2019IT. Pouvez-vous me dire quels sont les segments de march\u00e9 que nous visons pour l\u2019ann\u00e9e \u00e0 venir ?", "question": 75, "language": "fr", "audio_file": "75-fr.mp3"}, "model": "callcenter.translation", "pk": 410}, {"fields": {"text": "Steve Vonn au t\u00e9l\u00e9phone, je travaille pour l\u2019office f\u00e9d\u00e9rale de la statistique. Dans le cadre d\u2019une \u00e9tude, j\u2019aimerais savoir si les commandes des clients sont g\u00e9r\u00e9es par un syst\u00e8me informatique.", "question": 76, "language": "fr", "audio_file": "76-fr.mp3"}, "model": "callcenter.translation", "pk": 411}, {"fields": {"text": "Bonjour, Lena Cruz responsable de communication. Quelle \u00e9tait la r\u00e9action des consommateurs \u00e0 la campagne publicitaire de notre principal concurrent ?", "question": 77, "language": "fr", "audio_file": "77-fr.mp3"}, "model": "callcenter.translation", "pk": 412}, {"fields": {"text": "Bonjour, Luc Courvoisier au t\u00e9l\u00e9phone. Je souhaite avoir des renseignements sur ma commande que je vous ai pass\u00e9e il y a trois semaines. Quand ma commande sera-t-elle exp\u00e9di\u00e9e ?", "question": 78, "language": "fr", "audio_file": "78-fr.mp3"}, "model": "callcenter.translation", "pk": 413}, {"fields": {"text": "Bonjour, Ana Onym au t\u00e9l\u00e9phone. Je vous ai command\u00e9 il y a 10 jours des habits et je n\u2019ai toujours rien re\u00e7u. Dans les conditions de livraison, le d\u00e9lai est de 7 jours, et j\u2019en ai besoin d\u2019urgence. Que ce passe-t-il ?", "question": 79, "language": "fr", "audio_file": "79-fr.mp3"}, "model": "callcenter.translation", "pk": 414}, {"fields": {"text": "Bonjour, je travaille pour l\u2019entreprise \u201eCarma AG\u201c. Mon num\u00e9ro de client est le 23956 et je n\u2019ai toujours pas re\u00e7u ma marchandise command\u00e9e. Puis-je avoir des informations \u00e0 ce sujet ?", "question": 80, "language": "fr", "audio_file": "80-fr.mp3"}, "model": "callcenter.translation", "pk": 415}, {"fields": {"text": "Salutations, je suis Ulrich Brindenwald de Uster Maschinen SA. Nous avons bien re\u00e7u la marchandise. Malheureusement, il manque une partie de la commande. Pouvez-vous m\u2019orienter vers le bon d\u00e9partement ?", "question": 81, "language": "fr", "audio_file": "81-fr.mp3"}, "model": "callcenter.translation", "pk": 416}, {"fields": {"text": "Bonjour, nous avons imprim\u00e9 vos affiches publicitaires. O\u00f9 devons-nous les livrer ?", "question": 82, "language": "fr", "audio_file": "82-fr.mp3"}, "model": "callcenter.translation", "pk": 417}, {"fields": {"text": "Bonjour, j\u2019ai command\u00e9 un ordinateur. C\u2019\u00e9tait il y a environ trois semaines et je n\u2019ai toujours rien re\u00e7u.", "question": 83, "language": "fr", "audio_file": "83-fr.mp3"}, "model": "callcenter.translation", "pk": 418}, {"fields": {"text": "Bonjour, j\u2019ai achet\u00e9 le nouveau baladeur MP3 de chez vous, mais il ne fonctionne pas correctement \u00e0 l\u2019allumage. Aupr\u00e8s de qui dois-je m\u2019adresser ?", "question": 84, "language": "fr", "audio_file": "84-fr.mp3"}, "model": "callcenter.translation", "pk": 419}, {"fields": {"text": "Bonjour, vous nous avez envoy\u00e9 la marchandise, mais elle a \u00e9t\u00e9 endommag\u00e9e durant le transport. Pouvez-vous m\u2019aider ?", "question": 85, "language": "fr", "audio_file": "85-fr.mp3"}, "model": "callcenter.translation", "pk": 420}, {"fields": {"text": "Bonjour, Fanny Findus au t\u00e9l\u00e9phone. Il y a deux ans, j\u2019ai achet\u00e9 un aspirateur chez vous. Cependant, il ne fonctionne plus. Est-ce que la garantie est encore valable ?", "question": 86, "language": "fr", "audio_file": "86-fr.mp3"}, "model": "callcenter.translation", "pk": 421}, {"fields": {"text": "Bonjour, nous sommes l\u2019Office F\u00e9d\u00e9rale des Statistques et faisons un sondage sur la campagne publicitaire. Quels canaux publicitaires utilise votre entreprise ?", "question": 87, "language": "fr", "audio_file": "87-fr.mp3"}, "model": "callcenter.translation", "pk": 422}, {"fields": {"text": "Bonjour, Stauffer de Publicitas. Allez-vous \u00e0 nouveau lancer votre campagne publicitaire estivale pour les jeunes ?", "question": 88, "language": "fr", "audio_file": "88-fr.mp3"}, "model": "callcenter.translation", "pk": 423}, {"fields": {"text": "Bonjour, Anatol Siemens au t\u00e9l\u00e9phone. J'ai une question au sujet de notre commande du 3 mars. Quand pouvons-nous nous attendre \u00e0 recevoir la livraison ?", "question": 89, "language": "fr", "audio_file": "89-fr.mp3"}, "model": "callcenter.translation", "pk": 424}, {"fields": {"text": "Hans-Peter au t\u00e9l\u00e9phone. Est-il possible d\u2019avoir une liste de prix de tous vos produits ?", "question": 90, "language": "fr", "audio_file": "90-fr.mp3"}, "model": "callcenter.translation", "pk": 425}, {"fields": {"text": "C'est le club de gymnastique qui vous parle. J\u2019aimerais vous faire parvenir une demande de sponsoring. \u00c0 qui dois-je m'adresser ?", "question": 91, "language": "fr", "audio_file": "91-fr.mp3"}, "model": "callcenter.translation", "pk": 426}, {"fields": {"text": "Bonjour, Merkel au t\u00e9l\u00e9phone. J\u2019ai un probl\u00e8me : vous m\u2019avez envoy\u00e9 la mauvaise marchandise. Pouvez-vous m\u2019envoyer la bonne marchandise ?", "question": 92, "language": "fr", "audio_file": "92-fr.mp3"}, "model": "callcenter.translation", "pk": 427}, {"fields": {"text": "Bonjour, hier vous avez souhait\u00e9 qu\u2019on vous rappelle. Nous attendons encore des compl\u00e9ments d\u2019information concernant les prix et les d\u00e9lais de livraisons.", "question": 93, "language": "fr", "audio_file": "93-fr.mp3"}, "model": "callcenter.translation", "pk": 428}, {"fields": {"text": "Bonjour, Peter Felber de \u201eFast Print\u201c S\u00e0rl. Il nous manque encore le format que vous souhaitez utiliser pour vos affiches publicitaires.", "question": 94, "language": "fr", "audio_file": "94-fr.mp3"}, "model": "callcenter.translation", "pk": 429}, {"fields": {"text": "Bonjour, Sophie Lacroix de l\u2019entreprise Bamako SA. Puis-je vous commander 6m d\u2019ETG par t\u00e9l\u00e9phone ?", "question": 95, "language": "fr", "audio_file": "95-fr.mp3"}, "model": "callcenter.translation", "pk": 430}, {"fields": {"text": "Bonjour, nous avons re\u00e7u des produits de votre entreprise que nous n\u2019avons pas command\u00e9s. Pouvez-vous m\u2019aider ?", "question": 96, "language": "fr", "audio_file": "96-fr.mp3"}, "model": "callcenter.translation", "pk": 431}, {"fields": {"text": "Bonjour, Henri Ford \u00e0 l'appareil. La semaine prochaine, nous pr\u00e9senterons les r\u00e9sultats de l\u2019\u00e9tude de march\u00e9. Il nous manque encore les analyses du public cible. Nous en avons besoin urgemment, au plus tard vendredi.", "question": 97, "language": "fr", "audio_file": "97-fr.mp3"}, "model": "callcenter.translation", "pk": 432}, {"fields": {"text": "Bonjour, Angela Ohner \u00e0 l'appareil. Quel moyen de communication devrions-nous d\u00e9velopper afin d\u2019am\u00e9liorer nos ventes ?", "question": 98, "language": "fr", "audio_file": "98-fr.mp3"}, "model": "callcenter.translation", "pk": 433}, {"fields": {"text": "Bonjour, Gerard Ducommun, je suis client chez vous. J'ai eu de la peine \u00e0 utiliser votre site web. Pouvez-vous m\u2019aider\u00a0?", "question": 99, "language": "fr", "audio_file": "99-fr.mp3"}, "model": "callcenter.translation", "pk": 434}, {"fields": {"text": "Bonjour, je me nomme Alice Mersset. J'ai utilis\u00e9 un QR code pour vos produits, cependant, un probl\u00e8me persiste : je n'arrive pas \u00e0 trouver les prix.", "question": 100, "language": "fr", "audio_file": "100-fr.mp3"}, "model": "callcenter.translation", "pk": 435}, {"fields": {"text": "Bonjour, je suis Carla et je travaille au d\u00e9partement juridique. J'ai bloqu\u00e9 mon compte parce que j'ai entr\u00e9 un mot de passe erron\u00e9. Pouvez-vous m'aider ?", "question": 101, "language": "fr", "audio_file": "101-fr.mp3"}, "model": "callcenter.translation", "pk": 436}, {"fields": {"text": "Bonjour, Marie Pavos. Je ne sais pas comment utiliser le formulaire de commande de ce site web. Pouvez-vous m'aider ?", "question": 102, "language": "fr", "audio_file": "102-fr.mp3"}, "model": "callcenter.translation", "pk": 437}, {"fields": {"text": "Bonjour, Etienne Wurth. J\u2019ai achet\u00e9 un ordinateur, mais il ne fonctionne pas. Est-ce que vous intervenez en cas de probl\u00e8me ? Si oui, proc\u00e9dez-vous sur place ou \u00e0 distance ?", "question": 103, "language": "fr", "audio_file": "103-fr.mp3"}, "model": "callcenter.translation", "pk": 438}, {"fields": {"text": "Salut, c\u2019est Vivanne Forestier de la comptabilit\u00e9. J'ai un probl\u00e8me informatique avec le programme comptable. Pourriez-vous m'aider ?", "question": 104, "language": "fr", "audio_file": "104-fr.mp3"}, "model": "callcenter.translation", "pk": 439}, {"fields": {"text": "Bonjour, je suis stagiaire chez vous. J'aurais besoin d'un ordinateur portable pour la prochaine r\u00e9union du conseil.", "question": 105, "language": "fr", "audio_file": "105-fr.mp3"}, "model": "callcenter.translation", "pk": 440}, {"fields": {"text": "Bonjour, c\u2019est Billy du Marketing. Il y a une fen\u00eatre pop-up concernant une mise \u00e0 jour, que dois-je faire ?", "question": 106, "language": "fr", "audio_file": "106-fr.mp3"}, "model": "callcenter.translation", "pk": 441}, {"fields": {"text": "Salut, c\u2019est Marta du d\u00e9partement juridique. J\u2019ai renvers\u00e9 mon caf\u00e9 sur mon clavier et il ne fonctionne plus. Que dois-je faire ?", "question": 107, "language": "fr", "audio_file": "107-fr.mp3"}, "model": "callcenter.translation", "pk": 442}, {"fields": {"text": "Bonjour, c\u2019est le secr\u00e9tariat. Le r\u00e9seau internet ne fonctionne pas, y a-t-il un probl\u00e8me ?", "question": 108, "language": "fr", "audio_file": "108-fr.mp3"}, "model": "callcenter.translation", "pk": 443}, {"fields": {"text": "Bonjour, c\u2019est Monsieur Ducroc. Savez-vous quel genre de logiciel est habituellement utilis\u00e9 pour g\u00e9rer les retours\u00a0?", "question": 109, "language": "fr", "audio_file": "109-fr.mp3"}, "model": "callcenter.translation", "pk": 444}, {"fields": {"text": "Bonjour, je viens de monter mon entreprise dans la r\u00e9gion. Quel syst\u00e8me d\u2019exploitation recommanderiez-vous ?", "question": 110, "language": "fr", "audio_file": "110-fr.mp3"}, "model": "callcenter.translation", "pk": 445}, {"fields": {"text": "Bonjour, c\u2019est la direction. Pourriez-vous m\u2019expliquer la s\u00e9curit\u00e9 du syst\u00e8me s\u2019il vous pla\u00eet\u00a0?", "question": 111, "language": "fr", "audio_file": "111-fr.mp3"}, "model": "callcenter.translation", "pk": 446}, {"fields": {"text": "Bonjour je suis Mickael Da Costa. Je pense que j\u2019ai \u00e9t\u00e9 pirat\u00e9, que puis-je faire ?", "question": 112, "language": "fr", "audio_file": "112-fr.mp3"}, "model": "callcenter.translation", "pk": 447}, {"fields": {"text": "Bonsoir, Sarah Fellaini, responsable de communication pour l\u2019entreprise. J\u2019ai une pr\u00e9sentation \u00e0 faire et j\u2019ai besoin d\u2019aide en ce qui concerne les aspects techniques. Pouvez-vous m\u2019envoyer quelqu\u2019un aujourd\u2019hui ?", "question": 113, "language": "fr", "audio_file": "113-fr.mp3"}, "model": "callcenter.translation", "pk": 448}, {"fields": {"text": "Bonjour, Elodie Weiss. J\u2019ai un probl\u00e8me avec ma nouvelle imprimante au bureau 157. Elle ne fonctionne plus. Pourriez-vous envoyer quelqu\u2019un\u00a0?", "question": 114, "language": "fr", "audio_file": "114-fr.mp3"}, "model": "callcenter.translation", "pk": 449}, {"fields": {"text": "Bonjour, mon ordinateur ne s'allume plus depuis la derni\u00e8re mise \u00e0 jour. Pourriez-vous m\u2019aider\u00a0?", "question": 115, "language": "fr", "audio_file": "115-fr.mp3"}, "model": "callcenter.translation", "pk": 450}, {"fields": {"text": "Bonjour, ici Julia Kurth du marketing. J\u2019\u00e9tais en vacances pendant 2 semaines. Aujourd\u2019hui, j\u2019ai 300 courriels non lus et je n\u2019arrive plus \u00e0 ouvrir ma bo\u00eete-mail. Pourriez-vous m\u2019aider\u00a0?", "question": 116, "language": "fr", "audio_file": "116-fr.mp3"}, "model": "callcenter.translation", "pk": 451}, {"fields": {"text": "Bonjour, pourriez-vous m\u2019aider ? Je suis bloqu\u00e9 et je ne peux plus entrer mon mot de passe.", "question": 117, "language": "fr", "audio_file": "117-fr.mp3"}, "model": "callcenter.translation", "pk": 452}, {"fields": {"text": "Bonjour, ici Elsa Hugue. Puis-je sauvegarder des photos priv\u00e9es sur mon ordinateur de travail ?", "question": 118, "language": "fr", "audio_file": "118-fr.mp3"}, "model": "callcenter.translation", "pk": 453}, {"fields": {"text": "Bonjour, ici Samuel Jackson \u00e0 l'appareil. Quel logiciel puis-je utiliser pour faire une pr\u00e9sentation professionnelle ?", "question": 119, "language": "fr", "audio_file": "119-fr.mp3"}, "model": "callcenter.translation", "pk": 454}, {"fields": {"text": "Bonjour, ici Johnny Paradise \u00e0 l'appareil. Quel logiciel antivirus dois-je installer sur mon ordinateur ?", "question": 120, "language": "fr", "audio_file": "120-fr.mp3"}, "model": "callcenter.translation", "pk": 455}, {"fields": {"text": "Marius Gerber \u00e0 l\u2019appareil. Je ne peux pas ajuster les haut-parleurs dans la salle de r\u00e9union. Pourriez-vous envoyer quelqu\u2019un ?", "question": 121, "language": "fr", "audio_file": "121-fr.mp3"}, "model": "callcenter.translation", "pk": 456}, {"fields": {"text": "Bonjour, je suis ing\u00e9nieur dans une Haute \u00e9cole et travaille sur un nouveau programme de d\u00e9fense contre les Virus et les chevaux de Troie. Pourriez-vous envisager une collaboration avec notre \u00e9cole\u00a0?", "question": 122, "language": "fr", "audio_file": "122-fr.mp3"}, "model": "callcenter.translation", "pk": 457}, {"fields": {"text": "Bonjour, je suis expert en protection des donn\u00e9es. Nous proposons une r\u00e9vision de votre syst\u00e8me de protection. Seriez-vous int\u00e9ress\u00e9\u00a0?", "question": 123, "language": "fr", "audio_file": "123-fr.mp3"}, "model": "callcenter.translation", "pk": 458}, {"fields": {"text": "Bonjour, Thierry de la soci\u00e9t\u00e9 POLA. Il y a un goulot d\u2019\u00e9tranglement sur ma machine et je ne sais pas quoi faire.", "question": 124, "language": "fr", "audio_file": "124-fr.mp3"}, "model": "callcenter.translation", "pk": 459}, {"fields": {"text": "Bonjour, je travaille pour Schoppfer Menuiserie. \u00cates-vous int\u00e9ress\u00e9s \u00e0 sous-traiter ?", "question": 125, "language": "fr", "audio_file": "125-fr.mp3"}, "model": "callcenter.translation", "pk": 460}, {"fields": {"text": "Bonjour, M. Caroux, l\u2019un de vos clients. Nous avons besoin d\u2019\u00e9tudier les diff\u00e9rentes options pour la sous-traitance, parce que nos co\u00fbts internes relatifs \u00e0 la production sont trop \u00e9lev\u00e9s.", "question": 126, "language": "fr", "audio_file": "126-fr.mp3"}, "model": "callcenter.translation", "pk": 461}, {"fields": {"text": "Bonjour, c'est l\u2019entreprise AGIO, l\u2019un de vos clients. J\u2019ai besoin de mati\u00e8res premi\u00e8res, y en a-t-il encore en stock ?", "question": 127, "language": "fr", "audio_file": "127-fr.mp3"}, "model": "callcenter.translation", "pk": 462}, {"fields": {"text": "Bonjour, Robert des ressources humaines. Combien de personnes travaillent sur cette ligne de production ?", "question": 128, "language": "fr", "audio_file": "128-fr.mp3"}, "model": "callcenter.translation", "pk": 463}, {"fields": {"text": "Bonjour, c'est la soci\u00e9t\u00e9 FELCO, un de vos clients. J\u2019aimerais avoir des renseignements. Quel faites-vous pour am\u00e9liorer la qualit\u00e9 de vos produits ?", "question": 129, "language": "fr", "audio_file": "129-fr.mp3"}, "model": "callcenter.translation", "pk": 464}, {"fields": {"text": "Bonjour, j\u2019aurais besoin de quelques renseignements sur vos normes de production. Avez-vous une certification telle que ISO ?", "question": 130, "language": "fr", "audio_file": "130-fr.mp3"}, "model": "callcenter.translation", "pk": 465}, {"fields": {"text": "Bonjour, Carole du service des ventes. Nous avons re\u00e7u une grosse commande et nous devons produire plus. Pourriez-vous augmenter la vitesse de la machine num\u00e9ro 3 ?", "question": 131, "language": "fr", "audio_file": "131-fr.mp3"}, "model": "callcenter.translation", "pk": 466}, {"fields": {"text": "Bonjour, Emma du d\u00e9partement vente. Combien de temps prend le processus complet pour la fabrication des pi\u00e8ces ?", "question": 132, "language": "fr", "audio_file": "132-fr.mp3"}, "model": "callcenter.translation", "pk": 467}, {"fields": {"text": "Bonjour, Jean du service comptabilit\u00e9. En moyenne, combien de temps un produit reste-t-il dans les stocks ?", "question": 133, "language": "fr", "audio_file": "133-fr.mp3"}, "model": "callcenter.translation", "pk": 468}, {"fields": {"text": "Bonjour, je suis journaliste, j\u2019aimerais savoir \u00e0 quel niveau se situe le gaspillage de mat\u00e9riaux et sont-ils recycl\u00e9s\u00a0?", "question": 134, "language": "fr", "audio_file": "134-fr.mp3"}, "model": "callcenter.translation", "pk": 469}, {"fields": {"text": "Bonjour, je souhaiterais \u00eatre votre futur client. J\u2019aimerais savoir, garantissez-vous le commerce \u00e9quitable dans votre processus de production ?", "question": 135, "language": "fr", "audio_file": "135-fr.mp3"}, "model": "callcenter.translation", "pk": 470}, {"fields": {"text": "Bonjour, Anna, la responsable technique. \u00c0 quand remonte le dernier inventaire des mati\u00e8re premi\u00e8res ?", "question": 136, "language": "fr", "audio_file": "136-fr.mp3"}, "model": "callcenter.translation", "pk": 471}, {"fields": {"text": "Bonjour, c'est Didier. Je dois tenir des statistiques sur l\u2019efficacit\u00e9 de nos machines. Le taux de rejet a-t-il \u00e9t\u00e9 diminu\u00e9 ?", "question": 137, "language": "fr", "audio_file": "137-fr.mp3"}, "model": "callcenter.translation", "pk": 472}, {"fields": {"text": "Bonjour, c'est l\u2019entreprise DECO. Je souhaiterais avoir quelques informations. Comment la cha\u00eene d\u2019approvisionnement est-elle g\u00e9r\u00e9e ?", "question": 138, "language": "fr", "audio_file": "138-fr.mp3"}, "model": "callcenter.translation", "pk": 473}, {"fields": {"text": "Bonjour, M. Siro, le responsable technique. Les contr\u00f4les qualit\u00e9, sont-ils r\u00e9guli\u00e8rement effectu\u00e9s ?", "question": 139, "language": "fr", "audio_file": "139-fr.mp3"}, "model": "callcenter.translation", "pk": 474}, {"fields": {"text": "Bonjour, Anna des ressources humaines. Comment les horaires de travail sont-ils organis\u00e9s ?", "question": 140, "language": "fr", "audio_file": "140-fr.mp3"}, "model": "callcenter.translation", "pk": 475}, {"fields": {"text": "Bonjour. Ici le bureau de certification ISO. Nous voudrions contr\u00f4ler votre lieu de production lundi prochain.", "question": 141, "language": "fr", "audio_file": "141-fr.mp3"}, "model": "callcenter.translation", "pk": 476}, {"fields": {"text": "Nous avons d\u00e9velopp\u00e9 un emballage plus fin pour vos chocolats, que nous voudrions vous faire tester. Pourriez-vous nous mettre en relation avec le responsable concern\u00e9\u00a0?", "question": 142, "language": "fr", "audio_file": "142-fr.mp3"}, "model": "callcenter.translation", "pk": 477}, {"fields": {"text": "Bonjour, Xavier Talisman, Soci\u00e9t\u00e9 Takeda. Je souhaiterais savoir combien de pi\u00e8ces de l\u2019article trois z\u00e9ro un avez-vous encore en stock ?", "question": 143, "language": "fr", "audio_file": "143-fr.mp3"}, "model": "callcenter.translation", "pk": 478}, {"fields": {"text": "Une buse de notre appareil de remplissage est bouch\u00e9e. Nous avons besoin d\u2019un technicien en urgence. Pouvez-vous nous en envoyer un ?", "question": 144, "language": "fr", "audio_file": "144-fr.mp3"}, "model": "callcenter.translation", "pk": 479}, {"fields": {"text": "L\u2019essai de la nouvelle halle de production est pr\u00e9vu pour lundi prochain. Pourriez-vous s\u2019il vous pla\u00eet en avertir les responsables ?", "question": 145, "language": "fr", "audio_file": "145-fr.mp3"}, "model": "callcenter.translation", "pk": 480}, {"fields": {"text": "Nous devons optimiser la cha\u00eene de production. Pouvez-vous me mettre en relation avec la personne comp\u00e9tente ?", "question": 146, "language": "fr", "audio_file": "146-fr.mp3"}, "model": "callcenter.translation", "pk": 481}, {"fields": {"text": "Bonjour, Mme Dubois, l\u2019une de vos clientes. Combien cela co\u00fbte de stocker des produits ?", "question": 147, "language": "fr", "audio_file": "147-fr.mp3"}, "model": "callcenter.translation", "pk": 482}, {"fields": {"text": "Carlos Velazquez qui vous appelle. Avez-vous des fournisseurs locaux, nationaux ou internationaux ?", "question": 148, "language": "fr", "audio_file": "148-fr.mp3"}, "model": "callcenter.translation", "pk": 483}, {"fields": {"text": "Bonjour, je suis Rebecca Schwarz de l\u2019IT. Quels sont les types d'outils informatiques utilis\u00e9s pour la gestion de la base de donn\u00e9es de nos fournisseurs ?", "question": 149, "language": "fr", "audio_file": "149-fr.mp3"}, "model": "callcenter.translation", "pk": 484}, {"fields": {"text": "Bonjour, H\u00e9l\u00e8ne Rossier, secr\u00e9taire de direction. Combien de fournisseurs diff\u00e9rents avons-nous ?", "question": 150, "language": "fr", "audio_file": "150-fr.mp3"}, "model": "callcenter.translation", "pk": 485}, {"fields": {"text": "Bonjour, je suis int\u00e9ress\u00e9 par vos produits. De quel pays proviennent vos mati\u00e8res premi\u00e8res ?", "question": 151, "language": "fr", "audio_file": "151-fr.mp3"}, "model": "callcenter.translation", "pk": 486}, {"fields": {"text": "Bonjour, ici la soci\u00e9t\u00e9 FALCO. Nous avons besoin de diversifier nos fournisseurs, quelles sont les possibilit\u00e9s\u00a0?", "question": 152, "language": "fr", "audio_file": "152-fr.mp3"}, "model": "callcenter.translation", "pk": 487}, {"fields": {"text": "Bonjour, je suis tr\u00e8s int\u00e9ress\u00e9 par vos produits. Quels sont vos conditions de paiement\u00a0?", "question": 153, "language": "fr", "audio_file": "153-fr.mp3"}, "model": "callcenter.translation", "pk": 488}, {"fields": {"text": "Bonjour, je suis M. Caroux, le responsable de l\u2019entreprise FINN. Je voudrais savoir, comment choisissez-vous vos fournisseurs\u00a0?", "question": 154, "language": "fr", "audio_file": "154-fr.mp3"}, "model": "callcenter.translation", "pk": 489}, {"fields": {"text": "Bonjour, je m\u2019appelle Alex et je travaille pour SIGMA. Nous sommes int\u00e9ress\u00e9s par vos produits. Quelle est votre strat\u00e9gie de logistique ?", "question": 155, "language": "fr", "audio_file": "155-fr.mp3"}, "model": "callcenter.translation", "pk": 490}, {"fields": {"text": "Bonjour, je suis Anna de l\u2019entreprise SALMA. J\u2019ai remarqu\u00e9 que les co\u00fbts d\u2019envoi ont r\u00e9cemment chang\u00e9. Pouvez-vous s'il vous pla\u00eet me donner plus d\u2019information \u00e0 ce sujet ?", "question": 156, "language": "fr", "audio_file": "156-fr.mp3"}, "model": "callcenter.translation", "pk": 491}, {"fields": {"text": "Le prix des mati\u00e8res premi\u00e8res a de nouveau augment\u00e9. Pourrions-nous trouver un partenaire pour faire des \u00e9conomies ?", "question": 157, "language": "fr", "audio_file": "157-fr.mp3"}, "model": "callcenter.translation", "pk": 492}, {"fields": {"text": "Bonjour, c'est le fournisseur Hartmann au t\u00e9l\u00e9phone. Quand pourrions-nous vous livrer au plus tard ?", "question": 158, "language": "fr", "audio_file": "158-fr.mp3"}, "model": "callcenter.translation", "pk": 493}, {"fields": {"text": "Nous avons re\u00e7u une commande d\u2019une dizaine de tonnes de mat\u00e9riaux. Sachant que c\u2019est au-dessus de la moyenne, nous voulons nous assurer de la capacit\u00e9 de votre stock.", "question": 159, "language": "fr", "audio_file": "159-fr.mp3"}, "model": "callcenter.translation", "pk": 494}, {"fields": {"text": "Bonjour, Warteck AG. Vous avez command\u00e9 10'000 bouteilles pour le Pal\u00e9o. Avez-vous suffisamment de chambres froides \u00e0 disposition ?", "question": 160, "language": "fr", "audio_file": "160-fr.mp3"}, "model": "callcenter.translation", "pk": 495}, {"fields": {"text": "Bonjour, c'est l\u2019entreprise FELCO. Vous nous avez command\u00e9 l\u2019article nr. 03101. Malheureusement, cet article n\u2019est pas disponible avant une semaine. Pouvez-vous attendre aussi longtemps ?", "question": 161, "language": "fr", "audio_file": "161-fr.mp3"}, "model": "callcenter.translation", "pk": 496}, {"fields": {"text": "Bonjour, fournisseur ABC \u00e0 l\u2019appareil. Nous avons un probl\u00e8me avec votre d\u00e9lai de livraison ; il est trop court. Nous devons en fixer un autre.", "question": 162, "language": "fr", "audio_file": "162-fr.mp3"}, "model": "callcenter.translation", "pk": 497}, {"fields": {"text": "Bonjour Peter, j\u2019aimerais bien savoir \u00e0 combien se monte le stock, pour pouvoir rapidement faire une nouvelle commande.", "question": 163, "language": "fr", "audio_file": "163-fr.mp3"}, "model": "callcenter.translation", "pk": 498}, {"fields": {"text": "Salut Robert. Nous n\u2019avons pas suffisamment de pi\u00e8ces en stock au d\u00e9partement production. Nous avons besoin de toute urgence d\u2019un nouveau sous-traitant. Pouvez-vous s\u2019il vous pla\u00eet nous aider ?", "question": 164, "language": "fr", "audio_file": "164-fr.mp3"}, "model": "callcenter.translation", "pk": 499}, {"fields": {"text": "Bonjour, Jacques No\u00ebl \u00e0 l\u2019appareil. J\u2019aurais voulu savoir quelle est la marge dont nous avons besoin ?", "question": 165, "language": "fr", "audio_file": "165-fr.mp3"}, "model": "callcenter.translation", "pk": 500}, {"fields": {"text": "Bonjour, quel est notre chiffre d'affaire cette ann\u00e9e ?", "question": 166, "language": "fr", "audio_file": "166-fr.mp3"}, "model": "callcenter.translation", "pk": 501}, {"fields": {"text": "Bonjour, Julie Boichat. Pourriez-vous nous expliquer votre strategie de benchmarking ?", "question": 167, "language": "fr", "audio_file": "167-fr.mp3"}, "model": "callcenter.translation", "pk": 502}, {"fields": {"text": "Bonjour, quelle est la pr\u00e9vision en mati\u00e8re de chiffre d'affaire cette ann\u00e9e ?", "question": 168, "language": "fr", "audio_file": "168-fr.mp3"}, "model": "callcenter.translation", "pk": 503}, {"fields": {"text": "Bonjour, Henri Saab de l\u2019entreprise ASA, \u00eates-vous int\u00e9ress\u00e9s par notre nouveau logiciel de comptabilit\u00e9 ?", "question": 169, "language": "fr", "audio_file": "169-fr.mp3"}, "model": "callcenter.translation", "pk": 504}, {"fields": {"text": "Bonjour, j\u2019aurais besoin de savoir combien de fois l\u2019audit a-t-il lieu\u00a0?", "question": 170, "language": "fr", "audio_file": "170-fr.mp3"}, "model": "callcenter.translation", "pk": 505}, {"fields": {"text": "Mesdames, Messieurs, la r\u00e9cession nous a fortement frapp\u00e9, c\u2019est pourquoi tous les d\u00e9partements doivent r\u00e9duire leurs co\u00fbts. Nous devons d\u00e8s lors revoir notre strat\u00e9gie\u2026", "question": 171, "language": "fr", "audio_file": "171-fr.mp3"}, "model": "callcenter.translation", "pk": 506}, {"fields": {"text": "Bonjour, Natacha Raton. Le pourcentage des imp\u00f4ts a-t-il \u00e9t\u00e9 calcul\u00e9\u00a0?", "question": 172, "language": "fr", "audio_file": "172-fr.mp3"}, "model": "callcenter.translation", "pk": 507}, {"fields": {"text": "Bonjour, Nanette Manoire de la RTS, pourriez-vous me dire combien est investi en IT chaque ann\u00e9e ?", "question": 173, "language": "fr", "audio_file": "173-fr.mp3"}, "model": "callcenter.translation", "pk": 508}, {"fields": {"text": "Bonjour, Fabrice Espadon. Il y a une diff\u00e9rence dans le bouclement des comptes.", "question": 174, "language": "fr", "audio_file": "174-fr.mp3"}, "model": "callcenter.translation", "pk": 509}, {"fields": {"text": "Bonjour, je suis client chez vous. Quel est l\u2019IBAN de l\u2019entreprise ?", "question": 175, "language": "fr", "audio_file": "175-fr.mp3"}, "model": "callcenter.translation", "pk": 510}, {"fields": {"text": "Bonjour, Entreprise Schocko. Je vous appelle car j\u2019ai encore re\u00e7u un avertissement. \u00c0 qui dois-je m'adresser ?", "question": 176, "language": "fr", "audio_file": "176-fr.mp3"}, "model": "callcenter.translation", "pk": 511}, {"fields": {"text": "Bonjour, Hans-J\u00f6rg M\u00fcller, PDG. J\u2019aimerais conna\u00eetre le montant actuel du cash flow pour la prochaine s\u00e9ance de direction.", "question": 177, "language": "fr", "audio_file": "177-fr.mp3"}, "model": "callcenter.translation", "pk": 512}, {"fields": {"text": "Bonjour. Nous avons besoin de calculer le bonus pour nos vendeurs. Est-il possible de nous envoyer par e-mail le r\u00e9sultat des ventes pour 2014 ?", "question": 178, "language": "fr", "audio_file": "178-fr.mp3"}, "model": "callcenter.translation", "pk": 513}, {"fields": {"text": "Bonjour, dans notre derni\u00e8re facture vous avez calcul\u00e9 un taux de TVA \u00e0 8% au lieu de 7,6%. Y a-t-il une explication \u00e0 cela ?", "question": 179, "language": "fr", "audio_file": "179-fr.mp3"}, "model": "callcenter.translation", "pk": 514}, {"fields": {"text": "Bonjour, entreprise Kaiser GWC \u00e0 l\u2019appareil. J\u2019ai une question \u00e0 propos du prix d\u2019une machine que je vous ai achet\u00e9e il y a 3 ans. Malheureusement, nous avons perdu la facture.", "question": 180, "language": "fr", "audio_file": "180-fr.mp3"}, "model": "callcenter.translation", "pk": 515}, {"fields": {"text": "Bonjour, comment avez-vous d\u00e9termin\u00e9 le prix de vente du dernier mod\u00e8le ?", "question": 181, "language": "fr", "audio_file": "181-fr.mp3"}, "model": "callcenter.translation", "pk": 516}, {"fields": {"text": "Bonjour, je m'appelle Elga Rut et j\u2019ai perdu mon bulletin de versement. Comment puis-je payer ma facture ?", "question": 182, "language": "fr", "audio_file": "182-fr.mp3"}, "model": "callcenter.translation", "pk": 517}, {"fields": {"text": "Bonjour, ici Hans Erd. J\u2019ai re\u00e7u la facture, mais il manque le rabai habituel.", "question": 183, "language": "fr", "audio_file": "183-fr.mp3"}, "model": "callcenter.translation", "pk": 518}, {"fields": {"text": "Bonjour, Georg Schaffter, chef d\u2019une organisation de protection des consommateurs. Nous r\u00e9alisons une \u00e9tude sur les prix de l'industrie \u00e9lectronique. Nous aimerions savoir, comment d\u00e9terminez-vous vos prix\u00a0?", "question": 184, "language": "fr", "audio_file": "184-fr.mp3"}, "model": "callcenter.translation", "pk": 519}, {"fields": {"text": "Bonjour, je suis Rebekka Stolz de l\u2019entreprise UVW. Votre facture num\u00e9ro 4536 du 6 mars 2015 est toujours ouverte. Savez-vous quand elle va \u00eatre pay\u00e9e ?", "question": 185, "language": "fr", "audio_file": "185-fr.mp3"}, "model": "callcenter.translation", "pk": 520}, {"fields": {"text": "Volksbank, Anita Steiner au t\u00e9l\u00e9phone. Vous avez un d\u00e9couvert sur votre compte courant. Que se passe-t-il ?", "question": 186, "language": "fr", "audio_file": "186-fr.mp3"}, "model": "callcenter.translation", "pk": 521}, {"fields": {"text": "Bonjour Marc, nous avons besoin de toute urgence d\u2019une nouvelle machine de production. Y a-t-il quelque chose de pr\u00e9vu dans le budget de cette ann\u00e9e pour un achat de ce type ?", "question": 187, "language": "fr", "audio_file": "187-fr.mp3"}, "model": "callcenter.translation", "pk": 522}, {"fields": {"text": null, "question": 2, "language": "vn", "audio_file": "2-vn.mp3"}, "model": "callcenter.translation", "pk": 523}, {"fields": {"text": null, "question": 12, "language": "vn", "audio_file": "12-vn.mp3"}, "model": "callcenter.translation", "pk": 524}, {"fields": {"text": null, "question": 14, "language": "vn", "audio_file": "14-vn.mp3"}, "model": "callcenter.translation", "pk": 525}, {"fields": {"text": null, "question": 15, "language": "vn", "audio_file": "15-vn.mp3"}, "model": "callcenter.translation", "pk": 526}, {"fields": {"text": null, "question": 16, "language": "vn", "audio_file": "16-vn.mp3"}, "model": "callcenter.translation", "pk": 527}, {"fields": {"text": null, "question": 18, "language": "vn", "audio_file": "18-vn.mp3"}, "model": "callcenter.translation", "pk": 528}, {"fields": {"text": null, "question": 20, "language": "vn", "audio_file": "20-vn.mp3"}, "model": "callcenter.translation", "pk": 529}, {"fields": {"text": null, "question": 71, "language": "vn", "audio_file": "71-vn.mp3"}, "model": "callcenter.translation", "pk": 530}, {"fields": {"text": null, "question": 74, "language": "vn", "audio_file": "74-vn.mp3"}, "model": "callcenter.translation", "pk": 531}, {"fields": {"text": null, "question": 75, "language": "vn", "audio_file": "75-vn.mp3"}, "model": "callcenter.translation", "pk": 532}, {"fields": {"text": null, "question": 80, "language": "vn", "audio_file": "80-vn.mp3"}, "model": "callcenter.translation", "pk": 533}, {"fields": {"text": null, "question": 84, "language": "vn", "audio_file": "84-vn.mp3"}, "model": "callcenter.translation", "pk": 534}, {"fields": {"text": null, "question": 87, "language": "vn", "audio_file": "87-vn.mp3"}, "model": "callcenter.translation", "pk": 535}, {"fields": {"text": null, "question": 91, "language": "vn", "audio_file": "91-vn.mp3"}, "model": "callcenter.translation", "pk": 536}, {"fields": {"text": null, "question": 99, "language": "vn", "audio_file": "99-vn.mp3"}, "model": "callcenter.translation", "pk": 537}, {"fields": {"text": null, "question": 103, "language": "vn", "audio_file": "103-vn.mp3"}, "model": "callcenter.translation", "pk": 538}, {"fields": {"text": null, "question": 104, "language": "vn", "audio_file": "104-vn.mp3"}, "model": "callcenter.translation", "pk": 539}, {"fields": {"text": null, "question": 108, "language": "vn", "audio_file": "108-vn.mp3"}, "model": "callcenter.translation", "pk": 540}, {"fields": {"text": null, "question": 117, "language": "vn", "audio_file": "117-vn.mp3"}, "model": "callcenter.translation", "pk": 541}, {"fields": {"text": null, "question": 118, "language": "vn", "audio_file": "118-vn.mp3"}, "model": "callcenter.translation", "pk": 542}, {"fields": {"text": null, "question": 119, "language": "vn", "audio_file": "119-vn.mp3"}, "model": "callcenter.translation", "pk": 543}, {"fields": {"text": null, "question": 2, "language": "ne", "audio_file": "2-ne.mp3"}, "model": "callcenter.translation", "pk": 544}, {"fields": {"text": null, "question": 3, "language": "ne", "audio_file": "3-ne.mp3"}, "model": "callcenter.translation", "pk": 545}, {"fields": {"text": null, "question": 4, "language": "ne", "audio_file": "4-ne.mp3"}, "model": "callcenter.translation", "pk": 546}, {"fields": {"text": null, "question": 12, "language": "ne", "audio_file": "12-ne.mp3"}, "model": "callcenter.translation", "pk": 547}, {"fields": {"text": null, "question": 17, "language": "ne", "audio_file": "17-ne.mp3"}, "model": "callcenter.translation", "pk": 548}, {"fields": {"text": null, "question": 18, "language": "ne", "audio_file": "18-ne.mp3"}, "model": "callcenter.translation", "pk": 549}, {"fields": {"text": null, "question": 27, "language": "ne", "audio_file": "27-ne.mp3"}, "model": "callcenter.translation", "pk": 550}, {"fields": {"text": null, "question": 42, "language": "ne", "audio_file": "42-ne.mp3"}, "model": "callcenter.translation", "pk": 551}, {"fields": {"text": null, "question": 43, "language": "ne", "audio_file": "43-ne.mp3"}, "model": "callcenter.translation", "pk": 552}, {"fields": {"text": null, "question": 44, "language": "ne", "audio_file": "44-ne.mp3"}, "model": "callcenter.translation", "pk": 553}, {"fields": {"text": null, "question": 47, "language": "ne", "audio_file": "47-ne.mp3"}, "model": "callcenter.translation", "pk": 554}, {"fields": {"text": null, "question": 56, "language": "ne", "audio_file": "56-ne.mp3"}, "model": "callcenter.translation", "pk": 555}, {"fields": {"text": null, "question": 63, "language": "ne", "audio_file": "63-ne.mp3"}, "model": "callcenter.translation", "pk": 556}, {"fields": {"text": null, "question": 67, "language": "ne", "audio_file": "67-ne.mp3"}, "model": "callcenter.translation", "pk": 557}, {"fields": {"text": null, "question": 99, "language": "ne", "audio_file": "99-ne.mp3"}, "model": "callcenter.translation", "pk": 558}, {"fields": {"text": null, "question": 100, "language": "ne", "audio_file": "100-ne.mp3"}, "model": "callcenter.translation", "pk": 559}, {"fields": {"text": null, "question": 102, "language": "ne", "audio_file": "102-ne.mp3"}, "model": "callcenter.translation", "pk": 560}, {"fields": {"text": null, "question": 103, "language": "ne", "audio_file": "103-ne.mp3"}, "model": "callcenter.translation", "pk": 561}, {"fields": {"text": null, "question": 105, "language": "ne", "audio_file": "105-ne.mp3"}, "model": "callcenter.translation", "pk": 562}, {"fields": {"text": null, "question": 108, "language": "ne", "audio_file": "108-ne.mp3"}, "model": "callcenter.translation", "pk": 563}, {"fields": {"text": null, "question": 117, "language": "ne", "audio_file": "117-ne.mp3"}, "model": "callcenter.translation", "pk": 564}, {"fields": {"text": null, "question": 7, "language": "hu", "audio_file": "7-hu.mp3"}, "model": "callcenter.translation", "pk": 565}, {"fields": {"text": null, "question": 9, "language": "hu", "audio_file": "9-hu.mp3"}, "model": "callcenter.translation", "pk": 566}, {"fields": {"text": null, "question": 11, "language": "hu", "audio_file": "11-hu.mp3"}, "model": "callcenter.translation", "pk": 567}, {"fields": {"text": null, "question": 24, "language": "hu", "audio_file": "24-hu.mp3"}, "model": "callcenter.translation", "pk": 568}, {"fields": {"text": null, "question": 47, "language": "hu", "audio_file": "47-hu.mp3"}, "model": "callcenter.translation", "pk": 569}, {"fields": {"text": null, "question": 52, "language": "hu", "audio_file": "52-hu.mp3"}, "model": "callcenter.translation", "pk": 570}, {"fields": {"text": null, "question": 57, "language": "hu", "audio_file": "57-hu.mp3"}, "model": "callcenter.translation", "pk": 571}, {"fields": {"text": null, "question": 71, "language": "hu", "audio_file": "71-hu.mp3"}, "model": "callcenter.translation", "pk": 572}, {"fields": {"text": null, "question": 78, "language": "hu", "audio_file": "78-hu.mp3"}, "model": "callcenter.translation", "pk": 573}, {"fields": {"text": null, "question": 89, "language": "hu", "audio_file": "89-hu.mp3"}, "model": "callcenter.translation", "pk": 574}, {"fields": {"text": null, "question": 104, "language": "hu", "audio_file": "104-hu.mp3"}, "model": "callcenter.translation", "pk": 575}, {"fields": {"text": null, "question": 115, "language": "hu", "audio_file": "115-hu.mp3"}, "model": "callcenter.translation", "pk": 576}, {"fields": {"text": null, "question": 121, "language": "hu", "audio_file": "121-hu.mp3"}, "model": "callcenter.translation", "pk": 577}, {"fields": {"text": null, "question": 130, "language": "hu", "audio_file": "130-hu.mp3"}, "model": "callcenter.translation", "pk": 578}, {"fields": {"text": null, "question": 131, "language": "hu", "audio_file": "131-hu.mp3"}, "model": "callcenter.translation", "pk": 579}, {"fields": {"text": null, "question": 136, "language": "hu", "audio_file": "136-hu.mp3"}, "model": "callcenter.translation", "pk": 580}, {"fields": {"text": null, "question": 151, "language": "hu", "audio_file": "151-hu.mp3"}, "model": "callcenter.translation", "pk": 581}, {"fields": {"text": null, "question": 153, "language": "hu", "audio_file": "153-hu.mp3"}, "model": "callcenter.translation", "pk": 582}, {"fields": {"text": null, "question": 163, "language": "hu", "audio_file": "163-hu.mp3"}, "model": "callcenter.translation", "pk": 583}, {"fields": {"text": null, "question": 170, "language": "hu", "audio_file": "170-hu.mp3"}, "model": "callcenter.translation", "pk": 584}, {"fields": {"text": null, "question": 176, "language": "hu", "audio_file": "176-hu.mp3"}, "model": "callcenter.translation", "pk": 585}, {"fields": {"text": null, "question": 179, "language": "hu", "audio_file": "179-hu.mp3"}, "model": "callcenter.translation", "pk": 586}, {"fields": {"text": null, "question": 2, "language": "es", "audio_file": "2-es.mp3"}, "model": "callcenter.translation", "pk": 587}, {"fields": {"text": null, "question": 6, "language": "es", "audio_file": "6-es.mp3"}, "model": "callcenter.translation", "pk": 588}, {"fields": {"text": null, "question": 12, "language": "es", "audio_file": "12-es.mp3"}, "model": "callcenter.translation", "pk": 589}, {"fields": {"text": null, "question": 43, "language": "es", "audio_file": "43-es.mp3"}, "model": "callcenter.translation", "pk": 590}, {"fields": {"text": null, "question": 47, "language": "es", "audio_file": "47-es.mp3"}, "model": "callcenter.translation", "pk": 591}, {"fields": {"text": null, "question": 55, "language": "es", "audio_file": "55-es.mp3"}, "model": "callcenter.translation", "pk": 592}, {"fields": {"text": null, "question": 71, "language": "es", "audio_file": "71-es.mp3"}, "model": "callcenter.translation", "pk": 593}, {"fields": {"text": null, "question": 72, "language": "es", "audio_file": "72-es.mp3"}, "model": "callcenter.translation", "pk": 594}, {"fields": {"text": null, "question": 82, "language": "es", "audio_file": "82-es.mp3"}, "model": "callcenter.translation", "pk": 595}, {"fields": {"text": null, "question": 102, "language": "es", "audio_file": "102-es.mp3"}, "model": "callcenter.translation", "pk": 596}, {"fields": {"text": null, "question": 106, "language": "es", "audio_file": "106-es.mp3"}, "model": "callcenter.translation", "pk": 597}, {"fields": {"text": null, "question": 110, "language": "es", "audio_file": "110-es.mp3"}, "model": "callcenter.translation", "pk": 598}, {"fields": {"text": null, "question": 127, "language": "es", "audio_file": "127-es.mp3"}, "model": "callcenter.translation", "pk": 599}, {"fields": {"text": null, "question": 128, "language": "es", "audio_file": "128-es.mp3"}, "model": "callcenter.translation", "pk": 600}, {"fields": {"text": null, "question": 130, "language": "es", "audio_file": "130-es.mp3"}, "model": "callcenter.translation", "pk": 601}, {"fields": {"text": null, "question": 148, "language": "es", "audio_file": "148-es.mp3"}, "model": "callcenter.translation", "pk": 602}, {"fields": {"text": null, "question": 150, "language": "es", "audio_file": "150-es.mp3"}, "model": "callcenter.translation", "pk": 603}, {"fields": {"text": null, "question": 151, "language": "es", "audio_file": "151-es.mp3"}, "model": "callcenter.translation", "pk": 604}, {"fields": {"text": null, "question": 166, "language": "es", "audio_file": "166-es.mp3"}, "model": "callcenter.translation", "pk": 605}, {"fields": {"text": null, "question": 167, "language": "es", "audio_file": "167-es.mp3"}, "model": "callcenter.translation", "pk": 606}, {"fields": {"text": null, "question": 169, "language": "es", "audio_file": "169-es.mp3"}, "model": "callcenter.translation", "pk": 607}, {"fields": {"flag": "flags/ch.png", "weight": 1, "language": "Suisse-allemand"}, "model": "callcenter.language", "pk": "ch"}, {"fields": {"flag": "flags/de.png", "weight": 1, "language": "Allemand"}, "model": "callcenter.language", "pk": "de"}, {"fields": {"flag": "flags/en.png", "weight": 1, "language": "Anglais"}, "model": "callcenter.language", "pk": "en"}, {"fields": {"flag": "flags/es.png", "weight": 1, "language": "Espagnol"}, "model": "callcenter.language", "pk": "es"}, {"fields": {"flag": "flags/fr.png", "weight": 1, "language": "Fran\u00e7ais"}, "model": "callcenter.language", "pk": "fr"}, {"fields": {"flag": "flags/hr.png", "weight": 1, "language": "Croate"}, "model": "callcenter.language", "pk": "hr"}, {"fields": {"flag": "flags/hu.png", "weight": 1, "language": "Hongrois"}, "model": "callcenter.language", "pk": "hu"}, {"fields": {"flag": "flags/it.png", "weight": 1, "language": "Italien"}, "model": "callcenter.language", "pk": "it"}, {"fields": {"flag": "flags/ku.png", "weight": 1, "language": "Kurde"}, "model": "callcenter.language", "pk": "ku"}, {"fields": {"flag": "flags/ne.png", "weight": 1, "language": "N\u00e9palais"}, "model": "callcenter.language", "pk": "ne"}, {"fields": {"flag": "flags/pt.png", "weight": 1, "language": "Portugais"}, "model": "callcenter.language", "pk": "pt"}, {"fields": {"flag": "flags/ro.png", "weight": 1, "language": "Roumain"}, "model": "callcenter.language", "pk": "ro"}, {"fields": {"flag": "flags/ru.png", "weight": 1, "language": "Russe"}, "model": "callcenter.language", "pk": "ru"}, {"fields": {"flag": "flags/vn.png", "weight": 1, "language": "Vietnamien"}, "model": "callcenter.language", "pk": "vn"}, {"fields": {"audio_file": "", "name": "Achats", "description": ""}, "model": "callcenter.department", "pk": 1}, {"fields": {"audio_file": "", "name": "Production", "description": ""}, "model": "callcenter.department", "pk": 2}, {"fields": {"audio_file": "", "name": "Marketing & Ventes", "description": ""}, "model": "callcenter.department", "pk": 3}, {"fields": {"audio_file": "", "name": "Service juridique", "description": ""}, "model": "callcenter.department", "pk": 4}, {"fields": {"audio_file": "", "name": "Ressources humaines", "description": ""}, "model": "callcenter.department", "pk": 5}, {"fields": {"audio_file": "", "name": "Finances & comptabilit\u00e9", "description": ""}, "model": "callcenter.department", "pk": 6}, {"fields": {"audio_file": "", "name": "Informatique", "description": ""}, "model": "callcenter.department", "pk": 7}, {"fields": {"usage": 10, "dmx_channel": 1, "orientation": 1, "position_x": 100.0, "position_y": 460.0}, "model": "callcenter.phone", "pk": 1001}, {"fields": {"usage": 10, "dmx_channel": 5, "orientation": 1, "position_x": 100.0, "position_y": 200.0}, "model": "callcenter.phone", "pk": 1002}, {"fields": {"usage": 10, "dmx_channel": 9, "orientation": 2, "position_x": 400.0, "position_y": 60.0}, "model": "callcenter.phone", "pk": 1003}, {"fields": {"usage": 10, "dmx_channel": 13, "orientation": 2, "position_x": 700.0, "position_y": 60.0}, "model": "callcenter.phone", "pk": 1004}, {"fields": {"usage": 10, "dmx_channel": 17, "orientation": 2, "position_x": 1000.0, "position_y": 60.0}, "model": "callcenter.phone", "pk": 1005}, {"fields": {"usage": 10, "dmx_channel": 21, "orientation": 2, "position_x": 1300.0, "position_y": 60.0}, "model": "callcenter.phone", "pk": 1006}, {"fields": {"usage": 10, "dmx_channel": 25, "orientation": 3, "position_x": 1690.0, "position_y": 200.0}, "model": "callcenter.phone", "pk": 1007}, {"fields": {"usage": 10, "dmx_channel": 29, "orientation": 3, "position_x": 1690.0, "position_y": 460.0}, "model": "callcenter.phone", "pk": 1008}, {"fields": {"usage": 10, "dmx_channel": 33, "orientation": 0, "position_x": 1100.0, "position_y": 620.0}, "model": "callcenter.phone", "pk": 1009}, {"fields": {"usage": 10, "dmx_channel": 37, "orientation": 0, "position_x": 700.0, "position_y": 620.0}, "model": "callcenter.phone", "pk": 1010}, {"fields": {"usage": 11, "dmx_channel": 41, "orientation": 0, "position_x": null, "position_y": null}, "model": "callcenter.phone", "pk": 1101}, {"fields": {"usage": 11, "dmx_channel": 45, "orientation": 0, "position_x": null, "position_y": null}, "model": "callcenter.phone", "pk": 1102}, {"fields": {"usage": 12, "dmx_channel": 500, "orientation": 0, "position_x": null, "position_y": null}, "model": "callcenter.phone", "pk": 1201}, {"fields": {"codename": "add_permission", "name": "Can add permission", "content_type": 1}, "model": "auth.permission", "pk": 1}, {"fields": {"codename": "change_permission", "name": "Can change permission", "content_type": 1}, "model": "auth.permission", "pk": 2}, {"fields": {"codename": "delete_permission", "name": "Can delete permission", "content_type": 1}, "model": "auth.permission", "pk": 3}, {"fields": {"codename": "add_group", "name": "Can add group", "content_type": 2}, "model": "auth.permission", "pk": 4}, {"fields": {"codename": "change_group", "name": "Can change group", "content_type": 2}, "model": "auth.permission", "pk": 5}, {"fields": {"codename": "delete_group", "name": "Can delete group", "content_type": 2}, "model": "auth.permission", "pk": 6}, {"fields": {"codename": "add_contenttype", "name": "Can add content type", "content_type": 3}, "model": "auth.permission", "pk": 7}, {"fields": {"codename": "change_contenttype", "name": "Can change content type", "content_type": 3}, "model": "auth.permission", "pk": 8}, {"fields": {"codename": "delete_contenttype", "name": "Can delete content type", "content_type": 3}, "model": "auth.permission", "pk": 9}, {"fields": {"codename": "add_session", "name": "Can add session", "content_type": 4}, "model": "auth.permission", "pk": 10}, {"fields": {"codename": "change_session", "name": "Can change session", "content_type": 4}, "model": "auth.permission", "pk": 11}, {"fields": {"codename": "delete_session", "name": "Can delete session", "content_type": 4}, "model": "auth.permission", "pk": 12}, {"fields": {"codename": "add_site", "name": "Can add site", "content_type": 5}, "model": "auth.permission", "pk": 13}, {"fields": {"codename": "change_site", "name": "Can change site", "content_type": 5}, "model": "auth.permission", "pk": 14}, {"fields": {"codename": "delete_site", "name": "Can delete site", "content_type": 5}, "model": "auth.permission", "pk": 15}, {"fields": {"codename": "add_logentry", "name": "Can add log entry", "content_type": 6}, "model": "auth.permission", "pk": 16}, {"fields": {"codename": "change_logentry", "name": "Can change log entry", "content_type": 6}, "model": "auth.permission", "pk": 17}, {"fields": {"codename": "delete_logentry", "name": "Can delete log entry", "content_type": 6}, "model": "auth.permission", "pk": 18}, {"fields": {"codename": "add_emailaddress", "name": "Can add email address", "content_type": 7}, "model": "auth.permission", "pk": 19}, {"fields": {"codename": "change_emailaddress", "name": "Can change email address", "content_type": 7}, "model": "auth.permission", "pk": 20}, {"fields": {"codename": "delete_emailaddress", "name": "Can delete email address", "content_type": 7}, "model": "auth.permission", "pk": 21}, {"fields": {"codename": "add_emailconfirmation", "name": "Can add email confirmation", "content_type": 8}, "model": "auth.permission", "pk": 22}, {"fields": {"codename": "change_emailconfirmation", "name": "Can change email confirmation", "content_type": 8}, "model": "auth.permission", "pk": 23}, {"fields": {"codename": "delete_emailconfirmation", "name": "Can delete email confirmation", "content_type": 8}, "model": "auth.permission", "pk": 24}, {"fields": {"codename": "add_socialapp", "name": "Can add social application", "content_type": 9}, "model": "auth.permission", "pk": 25}, {"fields": {"codename": "change_socialapp", "name": "Can change social application", "content_type": 9}, "model": "auth.permission", "pk": 26}, {"fields": {"codename": "delete_socialapp", "name": "Can delete social application", "content_type": 9}, "model": "auth.permission", "pk": 27}, {"fields": {"codename": "add_socialaccount", "name": "Can add social account", "content_type": 10}, "model": "auth.permission", "pk": 28}, {"fields": {"codename": "change_socialaccount", "name": "Can change social account", "content_type": 10}, "model": "auth.permission", "pk": 29}, {"fields": {"codename": "delete_socialaccount", "name": "Can delete social account", "content_type": 10}, "model": "auth.permission", "pk": 30}, {"fields": {"codename": "add_socialtoken", "name": "Can add social application token", "content_type": 11}, "model": "auth.permission", "pk": 31}, {"fields": {"codename": "change_socialtoken", "name": "Can change social application token", "content_type": 11}, "model": "auth.permission", "pk": 32}, {"fields": {"codename": "delete_socialtoken", "name": "Can delete social application token", "content_type": 11}, "model": "auth.permission", "pk": 33}, {"fields": {"codename": "add_user", "name": "Can add user", "content_type": 12}, "model": "auth.permission", "pk": 34}, {"fields": {"codename": "change_user", "name": "Can change user", "content_type": 12}, "model": "auth.permission", "pk": 35}, {"fields": {"codename": "delete_user", "name": "Can delete user", "content_type": 12}, "model": "auth.permission", "pk": 36}, {"fields": {"codename": "add_booking", "name": "Can add booking", "content_type": 13}, "model": "auth.permission", "pk": 37}, {"fields": {"codename": "change_booking", "name": "Can change booking", "content_type": 13}, "model": "auth.permission", "pk": 38}, {"fields": {"codename": "delete_booking", "name": "Can delete booking", "content_type": 13}, "model": "auth.permission", "pk": 39}, {"fields": {"codename": "add_timeslot", "name": "Can add timeslot", "content_type": 14}, "model": "auth.permission", "pk": 40}, {"fields": {"codename": "change_timeslot", "name": "Can change timeslot", "content_type": 14}, "model": "auth.permission", "pk": 41}, {"fields": {"codename": "delete_timeslot", "name": "Can delete timeslot", "content_type": 14}, "model": "auth.permission", "pk": 42}, {"fields": {"codename": "add_game", "name": "Can add game", "content_type": 15}, "model": "auth.permission", "pk": 43}, {"fields": {"codename": "change_game", "name": "Can change game", "content_type": 15}, "model": "auth.permission", "pk": 44}, {"fields": {"codename": "delete_game", "name": "Can delete game", "content_type": 15}, "model": "auth.permission", "pk": 45}, {"fields": {"codename": "add_player", "name": "Can add player", "content_type": 16}, "model": "auth.permission", "pk": 46}, {"fields": {"codename": "change_player", "name": "Can change player", "content_type": 16}, "model": "auth.permission", "pk": 47}, {"fields": {"codename": "delete_player", "name": "Can delete player", "content_type": 16}, "model": "auth.permission", "pk": 48}, {"fields": {"codename": "add_answer", "name": "Can add answer", "content_type": 17}, "model": "auth.permission", "pk": 49}, {"fields": {"codename": "change_answer", "name": "Can change answer", "content_type": 17}, "model": "auth.permission", "pk": 50}, {"fields": {"codename": "delete_answer", "name": "Can delete answer", "content_type": 17}, "model": "auth.permission", "pk": 51}, {"fields": {"codename": "add_question", "name": "Can add question", "content_type": 18}, "model": "auth.permission", "pk": 52}, {"fields": {"codename": "change_question", "name": "Can change question", "content_type": 18}, "model": "auth.permission", "pk": 53}, {"fields": {"codename": "delete_question", "name": "Can delete question", "content_type": 18}, "model": "auth.permission", "pk": 54}, {"fields": {"codename": "add_translation", "name": "Can add translation", "content_type": 19}, "model": "auth.permission", "pk": 55}, {"fields": {"codename": "change_translation", "name": "Can change translation", "content_type": 19}, "model": "auth.permission", "pk": 56}, {"fields": {"codename": "delete_translation", "name": "Can delete translation", "content_type": 19}, "model": "auth.permission", "pk": 57}, {"fields": {"codename": "add_language", "name": "Can add language", "content_type": 20}, "model": "auth.permission", "pk": 58}, {"fields": {"codename": "change_language", "name": "Can change language", "content_type": 20}, "model": "auth.permission", "pk": 59}, {"fields": {"codename": "delete_language", "name": "Can delete language", "content_type": 20}, "model": "auth.permission", "pk": 60}, {"fields": {"codename": "add_department", "name": "Can add department", "content_type": 21}, "model": "auth.permission", "pk": 61}, {"fields": {"codename": "change_department", "name": "Can change department", "content_type": 21}, "model": "auth.permission", "pk": 62}, {"fields": {"codename": "delete_department", "name": "Can delete department", "content_type": 21}, "model": "auth.permission", "pk": 63}, {"fields": {"codename": "add_phone", "name": "Can add phone", "content_type": 22}, "model": "auth.permission", "pk": 64}, {"fields": {"codename": "change_phone", "name": "Can change phone", "content_type": 22}, "model": "auth.permission", "pk": 65}, {"fields": {"codename": "delete_phone", "name": "Can delete phone", "content_type": 22}, "model": "auth.permission", "pk": 66}, {"fields": {"codename": "add_phonelog", "name": "Can add phonelog", "content_type": 23}, "model": "auth.permission", "pk": 67}, {"fields": {"codename": "change_phonelog", "name": "Can change phonelog", "content_type": 23}, "model": "auth.permission", "pk": 68}, {"fields": {"codename": "delete_phonelog", "name": "Can delete phonelog", "content_type": 23}, "model": "auth.permission", "pk": 69}, {"fields": {"codename": "add_taskmeta", "name": "Can add task state", "content_type": 24}, "model": "auth.permission", "pk": 70}, {"fields": {"codename": "change_taskmeta", "name": "Can change task state", "content_type": 24}, "model": "auth.permission", "pk": 71}, {"fields": {"codename": "delete_taskmeta", "name": "Can delete task state", "content_type": 24}, "model": "auth.permission", "pk": 72}, {"fields": {"codename": "add_tasksetmeta", "name": "Can add saved group result", "content_type": 25}, "model": "auth.permission", "pk": 73}, {"fields": {"codename": "change_tasksetmeta", "name": "Can change saved group result", "content_type": 25}, "model": "auth.permission", "pk": 74}, {"fields": {"codename": "delete_tasksetmeta", "name": "Can delete saved group result", "content_type": 25}, "model": "auth.permission", "pk": 75}, {"fields": {"codename": "add_intervalschedule", "name": "Can add interval", "content_type": 26}, "model": "auth.permission", "pk": 76}, {"fields": {"codename": "change_intervalschedule", "name": "Can change interval", "content_type": 26}, "model": "auth.permission", "pk": 77}, {"fields": {"codename": "delete_intervalschedule", "name": "Can delete interval", "content_type": 26}, "model": "auth.permission", "pk": 78}, {"fields": {"codename": "add_crontabschedule", "name": "Can add crontab", "content_type": 27}, "model": "auth.permission", "pk": 79}, {"fields": {"codename": "change_crontabschedule", "name": "Can change crontab", "content_type": 27}, "model": "auth.permission", "pk": 80}, {"fields": {"codename": "delete_crontabschedule", "name": "Can delete crontab", "content_type": 27}, "model": "auth.permission", "pk": 81}, {"fields": {"codename": "add_periodictasks", "name": "Can add periodic tasks", "content_type": 28}, "model": "auth.permission", "pk": 82}, {"fields": {"codename": "change_periodictasks", "name": "Can change periodic tasks", "content_type": 28}, "model": "auth.permission", "pk": 83}, {"fields": {"codename": "delete_periodictasks", "name": "Can delete periodic tasks", "content_type": 28}, "model": "auth.permission", "pk": 84}, {"fields": {"codename": "add_periodictask", "name": "Can add periodic task", "content_type": 29}, "model": "auth.permission", "pk": 85}, {"fields": {"codename": "change_periodictask", "name": "Can change periodic task", "content_type": 29}, "model": "auth.permission", "pk": 86}, {"fields": {"codename": "delete_periodictask", "name": "Can delete periodic task", "content_type": 29}, "model": "auth.permission", "pk": 87}, {"fields": {"codename": "add_workerstate", "name": "Can add worker", "content_type": 30}, "model": "auth.permission", "pk": 88}, {"fields": {"codename": "change_workerstate", "name": "Can change worker", "content_type": 30}, "model": "auth.permission", "pk": 89}, {"fields": {"codename": "delete_workerstate", "name": "Can delete worker", "content_type": 30}, "model": "auth.permission", "pk": 90}, {"fields": {"codename": "add_taskstate", "name": "Can add task", "content_type": 31}, "model": "auth.permission", "pk": 91}, {"fields": {"codename": "change_taskstate", "name": "Can change task", "content_type": 31}, "model": "auth.permission", "pk": 92}, {"fields": {"codename": "delete_taskstate", "name": "Can delete task", "content_type": 31}, "model": "auth.permission", "pk": 93}, {"fields": {"username": "paleo", "first_name": "", "last_name": "", "is_active": true, "is_superuser": true, "is_staff": true, "last_login": "2015-07-14T11:56:02.514Z", "groups": [], "user_permissions": [], "password": "pbkdf2_sha256$20000$9O3X6jNt7Djb$9r3XQwh/wPzjf+4bhEznUQ4sjM9TrUK2XHu/PC1cOPk=", "email": "paleo@gestionair.ch", "date_joined": "2015-07-07T12:54:17.081Z"}, "model": "users.user", "pk": 1}, {"fields": {"verified": true, "user": 1, "primary": true, "email": "paleo@gestionair.ch"}, "model": "account.emailaddress", "pk": 1}, {"fields": {"action_flag": 1, "action_time": "2015-07-07T19:49:13.297Z", "object_repr": "1001 (Call Center Phone)", "object_id": "1001", "change_message": "", "user": 1, "content_type": 22}, "model": "admin.logentry", "pk": 1}, {"fields": {"action_flag": 1, "action_time": "2015-07-07T19:49:22.982Z", "object_repr": "1002 (Call Center Phone)", "object_id": "1002", "change_message": "", "user": 1, "content_type": 22}, "model": "admin.logentry", "pk": 2}, {"fields": {"action_flag": 1, "action_time": "2015-07-07T19:49:31.092Z", "object_repr": "1003 (Call Center Phone)", "object_id": "1003", "change_message": "", "user": 1, "content_type": 22}, "model": "admin.logentry", "pk": 3}, {"fields": {"action_flag": 1, "action_time": "2015-07-07T19:49:49.813Z", "object_repr": "1004 (Call Center Phone)", "object_id": "1004", "change_message": "", "user": 1, "content_type": 22}, "model": "admin.logentry", "pk": 4}, {"fields": {"action_flag": 1, "action_time": "2015-07-07T19:50:41.277Z", "object_repr": "1005 (Public Phone)", "object_id": "1005", "change_message": "", "user": 1, "content_type": 22}, "model": "admin.logentry", "pk": 5}, {"fields": {"action_flag": 1, "action_time": "2015-07-07T19:50:50.051Z", "object_repr": "1006 (Call Center Phone)", "object_id": "1006", "change_message": "", "user": 1, "content_type": 22}, "model": "admin.logentry", "pk": 6}, {"fields": {"action_flag": 1, "action_time": "2015-07-07T19:51:06.236Z", "object_repr": "1007 (Call Center Phone)", "object_id": "1007", "change_message": "", "user": 1, "content_type": 22}, "model": "admin.logentry", "pk": 7}, {"fields": {"action_flag": 1, "action_time": "2015-07-07T19:51:14.625Z", "object_repr": "1008 (Call Center Phone)", "object_id": "1008", "change_message": "", "user": 1, "content_type": 22}, "model": "admin.logentry", "pk": 8}, {"fields": {"action_flag": 1, "action_time": "2015-07-07T19:51:22.726Z", "object_repr": "1009 (Call Center Phone)", "object_id": "1009", "change_message": "", "user": 1, "content_type": 22}, "model": "admin.logentry", "pk": 9}, {"fields": {"action_flag": 1, "action_time": "2015-07-07T19:51:33.502Z", "object_repr": "1010 (Call Center Phone)", "object_id": "1010", "change_message": "", "user": 1, "content_type": 22}, "model": "admin.logentry", "pk": 10}, {"fields": {"action_flag": 1, "action_time": "2015-07-07T19:52:26.363Z", "object_repr": "1101 (Public Phone)", "object_id": "1101", "change_message": "", "user": 1, "content_type": 22}, "model": "admin.logentry", "pk": 11}, {"fields": {"action_flag": 1, "action_time": "2015-07-07T19:52:37.486Z", "object_repr": "1102 (Public Phone)", "object_id": "1102", "change_message": "", "user": 1, "content_type": 22}, "model": "admin.logentry", "pk": 12}, {"fields": {"action_flag": 1, "action_time": "2015-07-07T19:53:31.766Z", "object_repr": "1201 (Demo Phone)", "object_id": "1201", "change_message": "", "user": 1, "content_type": 22}, "model": "admin.logentry", "pk": 13}, {"fields": {"action_flag": 2, "action_time": "2015-07-07T19:53:43.404Z", "object_repr": "1005 (Call Center Phone)", "object_id": "1005", "change_message": "Modifi\u00e9 usage.", "user": 1, "content_type": 22}, "model": "admin.logentry", "pk": 14}, {"fields": {"action_flag": 1, "action_time": "2015-07-07T20:02:44.896Z", "object_repr": "Achats", "object_id": "1", "change_message": "", "user": 1, "content_type": 21}, "model": "admin.logentry", "pk": 15}, {"fields": {"action_flag": 1, "action_time": "2015-07-07T20:02:51.846Z", "object_repr": "Production", "object_id": "2", "change_message": "", "user": 1, "content_type": 21}, "model": "admin.logentry", "pk": 16}, {"fields": {"action_flag": 1, "action_time": "2015-07-07T20:03:01.654Z", "object_repr": "Marketing & Ventes", "object_id": "3", "change_message": "", "user": 1, "content_type": 21}, "model": "admin.logentry", "pk": 17}, {"fields": {"action_flag": 1, "action_time": "2015-07-07T20:03:11.518Z", "object_repr": "Service juridique", "object_id": "4", "change_message": "", "user": 1, "content_type": 21}, "model": "admin.logentry", "pk": 18}, {"fields": {"action_flag": 1, "action_time": "2015-07-07T20:03:22.938Z", "object_repr": "Ressources humaines", "object_id": "5", "change_message": "", "user": 1, "content_type": 21}, "model": "admin.logentry", "pk": 19}, {"fields": {"action_flag": 1, "action_time": "2015-07-07T20:03:55.930Z", "object_repr": "Finance & comptabilit\u00e9", "object_id": "6", "change_message": "", "user": 1, "content_type": 21}, "model": "admin.logentry", "pk": 20}, {"fields": {"action_flag": 1, "action_time": "2015-07-07T20:04:04.561Z", "object_repr": "Informatique", "object_id": "7", "change_message": "", "user": 1, "content_type": 21}, "model": "admin.logentry", "pk": 21}, {"fields": {"action_flag": 2, "action_time": "2015-07-07T20:04:18.041Z", "object_repr": "Finances & comptabilit\u00e9", "object_id": "6", "change_message": "Modifi\u00e9 name.", "user": 1, "content_type": 21}, "model": "admin.logentry", "pk": 22}, {"fields": {"action_flag": 1, "action_time": "2015-07-07T20:24:02.106Z", "object_repr": "Fran\u00e7ais", "object_id": "fr", "change_message": "", "user": 1, "content_type": 20}, "model": "admin.logentry", "pk": 23}, {"fields": {"action_flag": 1, "action_time": "2015-07-07T20:24:32.706Z", "object_repr": "Allemand", "object_id": "de", "change_message": "", "user": 1, "content_type": 20}, "model": "admin.logentry", "pk": 24}, {"fields": {"action_flag": 1, "action_time": "2015-07-07T20:25:43.918Z", "object_repr": "Anglais", "object_id": "en", "change_message": "", "user": 1, "content_type": 20}, "model": "admin.logentry", "pk": 25}, {"fields": {"action_flag": 1, "action_time": "2015-07-07T20:26:07.159Z", "object_repr": "Russe", "object_id": "ru", "change_message": "", "user": 1, "content_type": 20}, "model": "admin.logentry", "pk": 26}, {"fields": {"action_flag": 1, "action_time": "2015-07-07T20:26:31.964Z", "object_repr": "Italien", "object_id": "it", "change_message": "", "user": 1, "content_type": 20}, "model": "admin.logentry", "pk": 27}, {"fields": {"action_flag": 1, "action_time": "2015-07-07T20:26:52.893Z", "object_repr": "Portugais", "object_id": "pt", "change_message": "", "user": 1, "content_type": 20}, "model": "admin.logentry", "pk": 28}, {"fields": {"action_flag": 1, "action_time": "2015-07-07T20:27:06.418Z", "object_repr": "Espagnol", "object_id": "es", "change_message": "", "user": 1, "content_type": 20}, "model": "admin.logentry", "pk": 29}, {"fields": {"action_flag": 1, "action_time": "2015-07-07T20:27:50.777Z", "object_repr": "Roumain", "object_id": "ro", "change_message": "", "user": 1, "content_type": 20}, "model": "admin.logentry", "pk": 30}, {"fields": {"action_flag": 1, "action_time": "2015-07-07T20:40:42.546Z", "object_repr": "Croate", "object_id": "hr", "change_message": "", "user": 1, "content_type": 20}, "model": "admin.logentry", "pk": 31}, {"fields": {"action_flag": 1, "action_time": "2015-07-07T20:41:02.057Z", "object_repr": "N\u00e9palais", "object_id": "ne", "change_message": "", "user": 1, "content_type": 20}, "model": "admin.logentry", "pk": 32}, {"fields": {"action_flag": 2, "action_time": "2015-07-07T20:41:18.703Z", "object_repr": "Allemand", "object_id": "de", "change_message": "Modifi\u00e9 flag.", "user": 1, "content_type": 20}, "model": "admin.logentry", "pk": 33}, {"fields": {"action_flag": 2, "action_time": "2015-07-07T20:42:30.974Z", "object_repr": "Allemand", "object_id": "de", "change_message": "Modifi\u00e9 flag.", "user": 1, "content_type": 20}, "model": "admin.logentry", "pk": 34}, {"fields": {"action_flag": 2, "action_time": "2015-07-07T20:43:22.709Z", "object_repr": "Anglais", "object_id": "en", "change_message": "Modifi\u00e9 flag.", "user": 1, "content_type": 20}, "model": "admin.logentry", "pk": 35}, {"fields": {"action_flag": 2, "action_time": "2015-07-07T20:43:39.663Z", "object_repr": "Fran\u00e7ais", "object_id": "fr", "change_message": "Modifi\u00e9 flag.", "user": 1, "content_type": 20}, "model": "admin.logentry", "pk": 36}, {"fields": {"action_flag": 2, "action_time": "2015-07-07T20:43:50.078Z", "object_repr": "Espagnol", "object_id": "es", "change_message": "Modifi\u00e9 flag.", "user": 1, "content_type": 20}, "model": "admin.logentry", "pk": 37}, {"fields": {"action_flag": 2, "action_time": "2015-07-07T20:44:19.108Z", "object_repr": "Italien", "object_id": "it", "change_message": "Modifi\u00e9 flag.", "user": 1, "content_type": 20}, "model": "admin.logentry", "pk": 38}, {"fields": {"action_flag": 2, "action_time": "2015-07-07T20:44:40.890Z", "object_repr": "Portugais", "object_id": "pt", "change_message": "Modifi\u00e9 flag.", "user": 1, "content_type": 20}, "model": "admin.logentry", "pk": 39}, {"fields": {"action_flag": 2, "action_time": "2015-07-07T20:44:48.836Z", "object_repr": "Roumain", "object_id": "ro", "change_message": "Modifi\u00e9 flag.", "user": 1, "content_type": 20}, "model": "admin.logentry", "pk": 40}, {"fields": {"action_flag": 2, "action_time": "2015-07-07T20:44:59.552Z", "object_repr": "Russe", "object_id": "ru", "change_message": "Modifi\u00e9 flag.", "user": 1, "content_type": 20}, "model": "admin.logentry", "pk": 41}, {"fields": {"action_flag": 1, "action_time": "2015-07-07T20:48:05.519Z", "object_repr": "Hongrois", "object_id": "hu", "change_message": "", "user": 1, "content_type": 20}, "model": "admin.logentry", "pk": 42}, {"fields": {"action_flag": 1, "action_time": "2015-07-07T20:50:00.878Z", "object_repr": "Kurde", "object_id": "ku", "change_message": "", "user": 1, "content_type": 20}, "model": "admin.logentry", "pk": 43}, {"fields": {"action_flag": 2, "action_time": "2015-07-07T21:03:25.466Z", "object_repr": "Kurde", "object_id": "ku", "change_message": "Modifi\u00e9 flag.", "user": 1, "content_type": 20}, "model": "admin.logentry", "pk": 44}, {"fields": {"action_flag": 2, "action_time": "2015-07-07T21:04:42.489Z", "object_repr": "Anglais", "object_id": "en", "change_message": "Modifi\u00e9 flag.", "user": 1, "content_type": 20}, "model": "admin.logentry", "pk": 45}, {"fields": {"action_flag": 1, "action_time": "2015-07-07T21:06:16.909Z", "object_repr": "Suisse-allemand", "object_id": "ch", "change_message": "", "user": 1, "content_type": 20}, "model": "admin.logentry", "pk": 46}, {"fields": {"action_flag": 1, "action_time": "2015-07-07T21:12:24.517Z", "object_repr": "2 (fr)", "object_id": "1", "change_message": "", "user": 1, "content_type": 19}, "model": "admin.logentry", "pk": 47}, {"fields": {"action_flag": 3, "action_time": "2015-07-07T22:39:09.197Z", "object_repr": "2 (fr)", "object_id": "1", "change_message": "", "user": 1, "content_type": 19}, "model": "admin.logentry", "pk": 48}, {"fields": {"action_flag": 1, "action_time": "2015-07-07T22:42:38.829Z", "object_repr": "Game object", "object_id": "1", "change_message": "", "user": 1, "content_type": 15}, "model": "admin.logentry", "pk": 49}, {"fields": {"action_flag": 1, "action_time": "2015-07-07T22:42:57.243Z", "object_repr": "CGA", "object_id": "1", "change_message": "", "user": 1, "content_type": 16}, "model": "admin.logentry", "pk": 50}, {"fields": {"action_flag": 1, "action_time": "2015-07-07T22:45:33.356Z", "object_repr": "2015-07-07 22:00 [1] TestCGA", "object_id": "1", "change_message": "", "user": 1, "content_type": 13}, "model": "admin.logentry", "pk": 51}, {"fields": {"action_flag": 2, "action_time": "2015-07-07T22:47:43.541Z", "object_repr": "Game object", "object_id": "1", "change_message": "Modifi\u00e9 start_time.", "user": 1, "content_type": 15}, "model": "admin.logentry", "pk": 52}, {"fields": {"action_flag": 2, "action_time": "2015-07-09T16:32:21.811Z", "object_repr": "1001 (Call Center Phone)", "object_id": "1001", "change_message": "Changed position_x, position_y and orientation.", "user": 1, "content_type": 22}, "model": "admin.logentry", "pk": 53}, {"fields": {"action_flag": 2, "action_time": "2015-07-09T16:32:36.078Z", "object_repr": "1002 (Call Center Phone)", "object_id": "1002", "change_message": "Changed position_x, position_y and orientation.", "user": 1, "content_type": 22}, "model": "admin.logentry", "pk": 54}, {"fields": {"action_flag": 2, "action_time": "2015-07-09T16:32:56.276Z", "object_repr": "1003 (Call Center Phone)", "object_id": "1003", "change_message": "Changed position_x, position_y and orientation.", "user": 1, "content_type": 22}, "model": "admin.logentry", "pk": 55}, {"fields": {"action_flag": 2, "action_time": "2015-07-09T16:33:13.519Z", "object_repr": "1004 (Call Center Phone)", "object_id": "1004", "change_message": "Changed position_x, position_y and orientation.", "user": 1, "content_type": 22}, "model": "admin.logentry", "pk": 56}, {"fields": {"action_flag": 2, "action_time": "2015-07-09T16:33:33.052Z", "object_repr": "1005 (Call Center Phone)", "object_id": "1005", "change_message": "Changed position_x, position_y and orientation.", "user": 1, "content_type": 22}, "model": "admin.logentry", "pk": 57}, {"fields": {"action_flag": 2, "action_time": "2015-07-09T16:33:48.341Z", "object_repr": "1006 (Call Center Phone)", "object_id": "1006", "change_message": "Changed position_x, position_y and orientation.", "user": 1, "content_type": 22}, "model": "admin.logentry", "pk": 58}, {"fields": {"action_flag": 2, "action_time": "2015-07-09T16:34:15.191Z", "object_repr": "1007 (Call Center Phone)", "object_id": "1007", "change_message": "Changed position_x, position_y and orientation.", "user": 1, "content_type": 22}, "model": "admin.logentry", "pk": 59}, {"fields": {"action_flag": 2, "action_time": "2015-07-09T16:34:40.560Z", "object_repr": "1008 (Call Center Phone)", "object_id": "1008", "change_message": "Changed position_x, position_y and orientation.", "user": 1, "content_type": 22}, "model": "admin.logentry", "pk": 60}, {"fields": {"action_flag": 2, "action_time": "2015-07-09T16:35:03.089Z", "object_repr": "1009 (Call Center Phone)", "object_id": "1009", "change_message": "Changed position_x and position_y.", "user": 1, "content_type": 22}, "model": "admin.logentry", "pk": 61}, {"fields": {"action_flag": 2, "action_time": "2015-07-09T16:35:18.264Z", "object_repr": "1010 (Call Center Phone)", "object_id": "1010", "change_message": "Changed position_x and position_y.", "user": 1, "content_type": 22}, "model": "admin.logentry", "pk": 62}, {"fields": {"action_flag": 2, "action_time": "2015-07-10T08:47:32.166Z", "object_repr": "Game object", "object_id": "7", "change_message": "Changed start_time and initialized.", "user": 1, "content_type": 15}, "model": "admin.logentry", "pk": 63}, {"fields": {"action_flag": 2, "action_time": "2015-07-10T08:53:56.713Z", "object_repr": "Game object", "object_id": "7", "change_message": "Changed start_time and initialized.", "user": 1, "content_type": 15}, "model": "admin.logentry", "pk": 64}, {"fields": {"action_flag": 2, "action_time": "2015-07-10T08:59:18.354Z", "object_repr": "Game object", "object_id": "7", "change_message": "Changed start_time and initialized.", "user": 1, "content_type": 15}, "model": "admin.logentry", "pk": 65}, {"fields": {"action_flag": 2, "action_time": "2015-07-10T09:00:23.778Z", "object_repr": "Game object", "object_id": "7", "change_message": "Changed start_time and initialized.", "user": 1, "content_type": 15}, "model": "admin.logentry", "pk": 66}, {"fields": {"action_flag": 2, "action_time": "2015-07-10T13:16:21.704Z", "object_repr": "Game object", "object_id": "7", "change_message": "Changed start_time and initialized.", "user": 1, "content_type": 15}, "model": "admin.logentry", "pk": 67}, {"fields": {"action_flag": 2, "action_time": "2015-07-10T13:18:25.618Z", "object_repr": "Game object", "object_id": "7", "change_message": "Changed start_time and initialized.", "user": 1, "content_type": 15}, "model": "admin.logentry", "pk": 68}, {"fields": {"action_flag": 2, "action_time": "2015-07-10T13:19:08.311Z", "object_repr": "Game object", "object_id": "7", "change_message": "Changed initialized.", "user": 1, "content_type": 15}, "model": "admin.logentry", "pk": 69}, {"fields": {"action_flag": 2, "action_time": "2015-07-10T13:19:14.831Z", "object_repr": "Game object", "object_id": "7", "change_message": "No fields changed.", "user": 1, "content_type": 15}, "model": "admin.logentry", "pk": 70}, {"fields": {"action_flag": 2, "action_time": "2015-07-10T13:29:51.313Z", "object_repr": "Game object", "object_id": "7", "change_message": "Changed start_time and initialized.", "user": 1, "content_type": 15}, "model": "admin.logentry", "pk": 71}, {"fields": {"action_flag": 2, "action_time": "2015-07-10T13:36:27.071Z", "object_repr": "Game object", "object_id": "7", "change_message": "Changed start_time.", "user": 1, "content_type": 15}, "model": "admin.logentry", "pk": 72}, {"fields": {"action_flag": 2, "action_time": "2015-07-10T13:38:42.721Z", "object_repr": "Game object", "object_id": "7", "change_message": "Changed start_time.", "user": 1, "content_type": 15}, "model": "admin.logentry", "pk": 73}, {"fields": {"action_flag": 2, "action_time": "2015-07-10T13:39:39.509Z", "object_repr": "Game object", "object_id": "7", "change_message": "Changed initialized.", "user": 1, "content_type": 15}, "model": "admin.logentry", "pk": 74}, {"fields": {"action_flag": 2, "action_time": "2015-07-10T13:39:52.386Z", "object_repr": "Game object", "object_id": "7", "change_message": "No fields changed.", "user": 1, "content_type": 15}, "model": "admin.logentry", "pk": 75}, {"fields": {"action_flag": 2, "action_time": "2015-07-10T13:41:09.773Z", "object_repr": "Game object", "object_id": "6", "change_message": "Changed start_time and initialized.", "user": 1, "content_type": 15}, "model": "admin.logentry", "pk": 76}, {"fields": {"action_flag": 2, "action_time": "2015-07-10T13:41:21.498Z", "object_repr": "Game object", "object_id": "7", "change_message": "Changed initialized.", "user": 1, "content_type": 15}, "model": "admin.logentry", "pk": 77}, {"fields": {"action_flag": 2, "action_time": "2015-07-10T14:02:24.236Z", "object_repr": "Game object", "object_id": "7", "change_message": "Changed start_time and initialized.", "user": 1, "content_type": 15}, "model": "admin.logentry", "pk": 78}, {"fields": {"action_flag": 2, "action_time": "2015-07-10T14:02:33.783Z", "object_repr": "Game object", "object_id": "6", "change_message": "Changed start_time and initialized.", "user": 1, "content_type": 15}, "model": "admin.logentry", "pk": 79}, {"fields": {"action_flag": 2, "action_time": "2015-07-10T15:30:24.368Z", "object_repr": "Game object", "object_id": "7", "change_message": "Changed start_time and initialized.", "user": 1, "content_type": 15}, "model": "admin.logentry", "pk": 80}, {"fields": {"action_flag": 2, "action_time": "2015-07-10T15:30:33.682Z", "object_repr": "Game object", "object_id": "6", "change_message": "Changed start_time and initialized.", "user": 1, "content_type": 15}, "model": "admin.logentry", "pk": 81}, {"fields": {"action_flag": 2, "action_time": "2015-07-10T16:10:38.517Z", "object_repr": "Game object", "object_id": "7", "change_message": "Changed start_time and initialized.", "user": 1, "content_type": 15}, "model": "admin.logentry", "pk": 82}, {"fields": {"action_flag": 2, "action_time": "2015-07-10T18:02:40.904Z", "object_repr": "Game object", "object_id": "7", "change_message": "Changed start_time and initialized.", "user": 1, "content_type": 15}, "model": "admin.logentry", "pk": 83}, {"fields": {"action_flag": 2, "action_time": "2015-07-10T18:33:27.091Z", "object_repr": "Game object", "object_id": "7", "change_message": "Changed start_time and initialized.", "user": 1, "content_type": 15}, "model": "admin.logentry", "pk": 84}, {"fields": {"action_flag": 2, "action_time": "2015-07-10T18:38:31.453Z", "object_repr": "Game object", "object_id": "7", "change_message": "Changed start_time and initialized.", "user": 1, "content_type": 15}, "model": "admin.logentry", "pk": 85}, {"fields": {"action_flag": 2, "action_time": "2015-07-10T18:41:47.239Z", "object_repr": "Game object", "object_id": "7", "change_message": "Changed start_time and initialized.", "user": 1, "content_type": 15}, "model": "admin.logentry", "pk": 86}, {"fields": {"action_flag": 2, "action_time": "2015-07-10T18:53:06.969Z", "object_repr": "Game object", "object_id": "7", "change_message": "Changed start_time and initialized.", "user": 1, "content_type": 15}, "model": "admin.logentry", "pk": 87}, {"fields": {"action_flag": 2, "action_time": "2015-07-10T19:12:21.977Z", "object_repr": "Game object", "object_id": "7", "change_message": "Changed start_time and initialized.", "user": 1, "content_type": 15}, "model": "admin.logentry", "pk": 88}, {"fields": {"action_flag": 2, "action_time": "2015-07-10T19:17:53.643Z", "object_repr": "Game object", "object_id": "9", "change_message": "Changed start_time and initialized.", "user": 1, "content_type": 15}, "model": "admin.logentry", "pk": 89}, {"fields": {"action_flag": 2, "action_time": "2015-07-10T19:53:12.568Z", "object_repr": "Game object", "object_id": "9", "change_message": "Changed start_time and initialized.", "user": 1, "content_type": 15}, "model": "admin.logentry", "pk": 90}, {"fields": {"action_flag": 2, "action_time": "2015-07-10T20:01:52.629Z", "object_repr": "Game object", "object_id": "9", "change_message": "Modifi\u00e9 start_time et initialized.", "user": 1, "content_type": 15}, "model": "admin.logentry", "pk": 91}, {"fields": {"action_flag": 2, "action_time": "2015-07-10T20:08:01.157Z", "object_repr": "Game object", "object_id": "9", "change_message": "Modifi\u00e9 start_time et initialized.", "user": 1, "content_type": 15}, "model": "admin.logentry", "pk": 92}, {"fields": {"action_flag": 1, "action_time": "2015-07-10T22:52:49.292Z", "object_repr": "Vietnamien", "object_id": "vn", "change_message": "", "user": 1, "content_type": 20}, "model": "admin.logentry", "pk": 93}, {"fields": {"action_flag": 2, "action_time": "2015-07-11T11:39:23.751Z", "object_repr": "Game object", "object_id": "10", "change_message": "Modifi\u00e9 start_time et initialized.", "user": 1, "content_type": 15}, "model": "admin.logentry", "pk": 94}, {"fields": {"action_flag": 2, "action_time": "2015-07-11T11:46:15.455Z", "object_repr": "Game object", "object_id": "10", "change_message": "Modifi\u00e9 start_time et initialized.", "user": 1, "content_type": 15}, "model": "admin.logentry", "pk": 95}, {"fields": {"action_flag": 2, "action_time": "2015-07-11T12:06:21.193Z", "object_repr": "Game object", "object_id": "10", "change_message": "Modifi\u00e9 start_time et initialized.", "user": 1, "content_type": 15}, "model": "admin.logentry", "pk": 96}, {"fields": {"action_flag": 2, "action_time": "2015-07-11T12:14:35.361Z", "object_repr": "Game object", "object_id": "10", "change_message": "Modifi\u00e9 start_time et initialized.", "user": 1, "content_type": 15}, "model": "admin.logentry", "pk": 97}, {"fields": {"action_flag": 2, "action_time": "2015-07-11T12:15:54.439Z", "object_repr": "Game object", "object_id": "10", "change_message": "Modifi\u00e9 start_time et initialized.", "user": 1, "content_type": 15}, "model": "admin.logentry", "pk": 98}, {"fields": {"action_flag": 2, "action_time": "2015-07-11T12:40:05.843Z", "object_repr": "Game object", "object_id": "10", "change_message": "Modifi\u00e9 start_time et initialized.", "user": 1, "content_type": 15}, "model": "admin.logentry", "pk": 99}, {"fields": {"action_flag": 2, "action_time": "2015-07-11T12:52:35.830Z", "object_repr": "Game object", "object_id": "10", "change_message": "Modifi\u00e9 start_time et initialized.", "user": 1, "content_type": 15}, "model": "admin.logentry", "pk": 100}, {"fields": {"action_flag": 2, "action_time": "2015-07-11T12:56:49.205Z", "object_repr": "Game object", "object_id": "10", "change_message": "Modifi\u00e9 start_time.", "user": 1, "content_type": 15}, "model": "admin.logentry", "pk": 101}, {"fields": {"action_flag": 2, "action_time": "2015-07-11T13:01:50.168Z", "object_repr": "Game object", "object_id": "10", "change_message": "Modifi\u00e9 start_time.", "user": 1, "content_type": 15}, "model": "admin.logentry", "pk": 102}, {"fields": {"action_flag": 2, "action_time": "2015-07-11T13:08:04.224Z", "object_repr": "Game object", "object_id": "10", "change_message": "Modifi\u00e9 start_time.", "user": 1, "content_type": 15}, "model": "admin.logentry", "pk": 103}, {"fields": {"action_flag": 2, "action_time": "2015-07-11T13:08:12.769Z", "object_repr": "Game object", "object_id": "10", "change_message": "Modifi\u00e9 initialized.", "user": 1, "content_type": 15}, "model": "admin.logentry", "pk": 104}, {"fields": {"action_flag": 2, "action_time": "2015-07-11T13:26:20.043Z", "object_repr": "Game object", "object_id": "10", "change_message": "Modifi\u00e9 start_time.", "user": 1, "content_type": 15}, "model": "admin.logentry", "pk": 105}, {"fields": {"action_flag": 2, "action_time": "2015-07-11T13:26:49.717Z", "object_repr": "Game object", "object_id": "10", "change_message": "Modifi\u00e9 initialized.", "user": 1, "content_type": 15}, "model": "admin.logentry", "pk": 106}, {"fields": {"action_flag": 2, "action_time": "2015-07-11T13:53:00.850Z", "object_repr": "Game object", "object_id": "10", "change_message": "Modifi\u00e9 start_time.", "user": 1, "content_type": 15}, "model": "admin.logentry", "pk": 107}, {"fields": {"action_flag": 2, "action_time": "2015-07-11T14:01:47.439Z", "object_repr": "Game object", "object_id": "10", "change_message": "Modifi\u00e9 start_time et initialized.", "user": 1, "content_type": 15}, "model": "admin.logentry", "pk": 108}, {"fields": {"action_flag": 2, "action_time": "2015-07-11T14:13:15.997Z", "object_repr": "Game object", "object_id": "10", "change_message": "Modifi\u00e9 start_time.", "user": 1, "content_type": 15}, "model": "admin.logentry", "pk": 109}, {"fields": {"action_flag": 2, "action_time": "2015-07-11T14:25:12.562Z", "object_repr": "Game object", "object_id": "10", "change_message": "Modifi\u00e9 start_time.", "user": 1, "content_type": 15}, "model": "admin.logentry", "pk": 110}, {"fields": {"action_flag": 2, "action_time": "2015-07-11T14:31:34.580Z", "object_repr": "Game object", "object_id": "10", "change_message": "Modifi\u00e9 start_time.", "user": 1, "content_type": 15}, "model": "admin.logentry", "pk": 111}, {"fields": {"action_flag": 2, "action_time": "2015-07-11T14:52:15.286Z", "object_repr": "Game object", "object_id": "10", "change_message": "Modifi\u00e9 start_time et initialized.", "user": 1, "content_type": 15}, "model": "admin.logentry", "pk": 112}, {"fields": {"action_flag": 2, "action_time": "2015-07-11T15:49:08.116Z", "object_repr": "Game object", "object_id": "10", "change_message": "Modifi\u00e9 start_time.", "user": 1, "content_type": 15}, "model": "admin.logentry", "pk": 113}, {"fields": {"action_flag": 2, "action_time": "2015-07-11T15:55:52.163Z", "object_repr": "Game object", "object_id": "10", "change_message": "Modifi\u00e9 start_time et initialized.", "user": 1, "content_type": 15}, "model": "admin.logentry", "pk": 114}, {"fields": {"action_flag": 2, "action_time": "2015-07-11T16:13:40.610Z", "object_repr": "Game object", "object_id": "10", "change_message": "Modifi\u00e9 start_time.", "user": 1, "content_type": 15}, "model": "admin.logentry", "pk": 115}, {"fields": {"action_flag": 2, "action_time": "2015-07-11T17:07:58.718Z", "object_repr": "Game object", "object_id": "10", "change_message": "Modifi\u00e9 start_time et initialized.", "user": 1, "content_type": 15}, "model": "admin.logentry", "pk": 116}, {"fields": {"action_flag": 2, "action_time": "2015-07-11T17:34:55.027Z", "object_repr": "Game object", "object_id": "10", "change_message": "Modifi\u00e9 start_time.", "user": 1, "content_type": 15}, "model": "admin.logentry", "pk": 117}, {"fields": {"action_flag": 2, "action_time": "2015-07-11T17:39:40.708Z", "object_repr": "Game object", "object_id": "10", "change_message": "Modifi\u00e9 start_time.", "user": 1, "content_type": 15}, "model": "admin.logentry", "pk": 118}, {"fields": {"action_flag": 2, "action_time": "2015-07-11T17:45:27.420Z", "object_repr": "Game object", "object_id": "10", "change_message": "Modifi\u00e9 start_time.", "user": 1, "content_type": 15}, "model": "admin.logentry", "pk": 119}, {"fields": {"action_flag": 2, "action_time": "2015-07-11T18:07:54.796Z", "object_repr": "Game object", "object_id": "10", "change_message": "Modifi\u00e9 start_time.", "user": 1, "content_type": 15}, "model": "admin.logentry", "pk": 120}, {"fields": {"action_flag": 2, "action_time": "2015-07-11T18:26:20.512Z", "object_repr": "Game object", "object_id": "10", "change_message": "Modifi\u00e9 start_time.", "user": 1, "content_type": 15}, "model": "admin.logentry", "pk": 121}, {"fields": {"action_flag": 2, "action_time": "2015-07-11T18:31:26.539Z", "object_repr": "Game object", "object_id": "10", "change_message": "Modifi\u00e9 start_time.", "user": 1, "content_type": 15}, "model": "admin.logentry", "pk": 122}, {"fields": {"action_flag": 2, "action_time": "2015-07-11T18:41:38.525Z", "object_repr": "Game object", "object_id": "10", "change_message": "Modifi\u00e9 start_time.", "user": 1, "content_type": 15}, "model": "admin.logentry", "pk": 123}, {"fields": {"action_flag": 2, "action_time": "2015-07-11T18:42:49.975Z", "object_repr": "Game object", "object_id": "10", "change_message": "Modifi\u00e9 start_time.", "user": 1, "content_type": 15}, "model": "admin.logentry", "pk": 124}, {"fields": {"action_flag": 2, "action_time": "2015-07-11T18:44:43.665Z", "object_repr": "Game object", "object_id": "10", "change_message": "Modifi\u00e9 start_time.", "user": 1, "content_type": 15}, "model": "admin.logentry", "pk": 125}, {"fields": {"action_flag": 2, "action_time": "2015-07-11T19:34:25.521Z", "object_repr": "Game object", "object_id": "10", "change_message": "Modifi\u00e9 start_time.", "user": 1, "content_type": 15}, "model": "admin.logentry", "pk": 126}, {"fields": {"action_flag": 2, "action_time": "2015-07-11T19:37:28.289Z", "object_repr": "Game object", "object_id": "10", "change_message": "Modifi\u00e9 start_time.", "user": 1, "content_type": 15}, "model": "admin.logentry", "pk": 127}, {"fields": {"action_flag": 2, "action_time": "2015-07-11T19:40:44.269Z", "object_repr": "Game object", "object_id": "10", "change_message": "Modifi\u00e9 start_time.", "user": 1, "content_type": 15}, "model": "admin.logentry", "pk": 128}, {"fields": {"action_flag": 2, "action_time": "2015-07-11T19:43:10.801Z", "object_repr": "Game object", "object_id": "10", "change_message": "Modifi\u00e9 start_time.", "user": 1, "content_type": 15}, "model": "admin.logentry", "pk": 129}, {"fields": {"action_flag": 2, "action_time": "2015-07-11T19:47:28.918Z", "object_repr": "Game object", "object_id": "10", "change_message": "Modifi\u00e9 start_time.", "user": 1, "content_type": 15}, "model": "admin.logentry", "pk": 130}, {"fields": {"action_flag": 2, "action_time": "2015-07-11T19:49:50.897Z", "object_repr": "Game object", "object_id": "10", "change_message": "Aucun champ modifi\u00e9.", "user": 1, "content_type": 15}, "model": "admin.logentry", "pk": 131}, {"fields": {"action_flag": 2, "action_time": "2015-07-11T19:55:01.883Z", "object_repr": "Game object", "object_id": "10", "change_message": "Modifi\u00e9 start_time et initialized.", "user": 1, "content_type": 15}, "model": "admin.logentry", "pk": 132}, {"fields": {"action_flag": 2, "action_time": "2015-07-11T20:10:12.050Z", "object_repr": "Game object", "object_id": "10", "change_message": "Modifi\u00e9 start_time.", "user": 1, "content_type": 15}, "model": "admin.logentry", "pk": 133}, {"fields": {"action_flag": 2, "action_time": "2015-07-12T08:53:34.432Z", "object_repr": "2015-07-12 10:40", "object_id": "2015-07-12 10:40:00+02:00", "change_message": "Modifi\u00e9 booking_availability.", "user": 1, "content_type": 14}, "model": "admin.logentry", "pk": 134}, {"fields": {"action_flag": 2, "action_time": "2015-07-12T08:56:57.335Z", "object_repr": "Game object", "object_id": "11", "change_message": "Modifi\u00e9 start_time, end_time et initialized.", "user": 1, "content_type": 15}, "model": "admin.logentry", "pk": 135}, {"fields": {"action_flag": 2, "action_time": "2015-07-12T08:57:18.645Z", "object_repr": "Game object", "object_id": "13", "change_message": "Modifi\u00e9 start_time, end_time et initialized.", "user": 1, "content_type": 15}, "model": "admin.logentry", "pk": 136}, {"fields": {"action_flag": 2, "action_time": "2015-07-12T08:57:30.520Z", "object_repr": "Game object", "object_id": "14", "change_message": "Modifi\u00e9 start_time, end_time et initialized.", "user": 1, "content_type": 15}, "model": "admin.logentry", "pk": 137}, {"fields": {"action_flag": 2, "action_time": "2015-07-12T08:57:50.977Z", "object_repr": "Game object", "object_id": "15", "change_message": "Modifi\u00e9 start_time et initialized.", "user": 1, "content_type": 15}, "model": "admin.logentry", "pk": 138}, {"fields": {"action_flag": 2, "action_time": "2015-07-12T08:58:04.424Z", "object_repr": "Game object", "object_id": "16", "change_message": "Modifi\u00e9 initialized.", "user": 1, "content_type": 15}, "model": "admin.logentry", "pk": 139}, {"fields": {"action_flag": 2, "action_time": "2015-07-12T09:35:24.718Z", "object_repr": "2015-07-12 09:20 [1] Les loulous", "object_id": "10", "change_message": "Modifi\u00e9 timeslot.", "user": 1, "content_type": 13}, "model": "admin.logentry", "pk": 140}, {"fields": {"action_flag": 2, "action_time": "2015-07-12T09:35:35.229Z", "object_repr": "2015-07-12 09:20 [2] Les poums", "object_id": "11", "change_message": "Modifi\u00e9 timeslot.", "user": 1, "content_type": 13}, "model": "admin.logentry", "pk": 141}, {"fields": {"action_flag": 2, "action_time": "2015-07-12T09:35:45.039Z", "object_repr": "2015-07-12 09:20 [3] HEG", "object_id": "12", "change_message": "Modifi\u00e9 timeslot.", "user": 1, "content_type": 13}, "model": "admin.logentry", "pk": 142}, {"fields": {"action_flag": 2, "action_time": "2015-07-12T09:35:56.968Z", "object_repr": "2015-07-12 09:20 [4] Lyss", "object_id": "13", "change_message": "Modifi\u00e9 timeslot.", "user": 1, "content_type": 13}, "model": "admin.logentry", "pk": 143}, {"fields": {"action_flag": 2, "action_time": "2015-07-12T09:36:05.670Z", "object_repr": "2015-07-12 09:20 [5] DHL", "object_id": "14", "change_message": "Modifi\u00e9 timeslot.", "user": 1, "content_type": 13}, "model": "admin.logentry", "pk": 144}, {"fields": {"action_flag": 2, "action_time": "2015-07-12T09:36:19.565Z", "object_repr": "2015-07-12 09:40 [1] Les next slot", "object_id": "15", "change_message": "Modifi\u00e9 timeslot.", "user": 1, "content_type": 13}, "model": "admin.logentry", "pk": 145}, {"fields": {"action_flag": 2, "action_time": "2015-07-12T09:36:28.222Z", "object_repr": "2015-07-12 09:40 [2] Les derniers", "object_id": "16", "change_message": "Modifi\u00e9 timeslot.", "user": 1, "content_type": 13}, "model": "admin.logentry", "pk": 146}, {"fields": {"action_flag": 2, "action_time": "2015-07-12T09:47:02.423Z", "object_repr": "Game object", "object_id": "16", "change_message": "Modifi\u00e9 initialized.", "user": 1, "content_type": 15}, "model": "admin.logentry", "pk": 147}, {"fields": {"action_flag": 2, "action_time": "2015-07-12T09:48:42.463Z", "object_repr": "2015-07-12 11:20", "object_id": "2015-07-12 11:20:00+02:00", "change_message": "Modifi\u00e9 booking_availability.", "user": 1, "content_type": 14}, "model": "admin.logentry", "pk": 148}]